-- phpMyAdmin SQL Dump
-- version 5.2.1
-- https://www.phpmyadmin.net/
--
-- Host: 127.0.0.1
-- Generation Time: Apr 02, 2025 at 04:48 PM
-- Server version: 10.4.32-MariaDB
-- PHP Version: 8.2.12

SET SQL_MODE = "NO_AUTO_VALUE_ON_ZERO";
START TRANSACTION;
SET time_zone = "+00:00";


/*!40101 SET @OLD_CHARACTER_SET_CLIENT=@@CHARACTER_SET_CLIENT */;
/*!40101 SET @OLD_CHARACTER_SET_RESULTS=@@CHARACTER_SET_RESULTS */;
/*!40101 SET @OLD_COLLATION_CONNECTION=@@COLLATION_CONNECTION */;
/*!40101 SET NAMES utf8mb4 */;

--
-- Database: `pcl_db`
--

-- --------------------------------------------------------

--
-- Table structure for table `admin`
--

CREATE TABLE `admin` (
  `ad_id` int(11) NOT NULL,
  `fname` varchar(255) NOT NULL,
  `lname` varchar(255) NOT NULL,
  `profile` varchar(255) NOT NULL,
  `about` varchar(250) NOT NULL,
  `phone` varchar(11) NOT NULL,
  `email` varchar(255) NOT NULL,
  `password` varchar(255) NOT NULL
) ENGINE=InnoDB DEFAULT CHARSET=utf8mb4 COLLATE=utf8mb4_general_ci;

--
-- Dumping data for table `admin`
--

INSERT INTO `admin` (`ad_id`, `fname`, `lname`, `profile`, `about`, `phone`, `email`, `password`) VALUES
(1, 'admin', 'admin', 'uploads/adminDP.png', 'I am an authorized administrator of the PCL Company system, responsible for managing records related to PMS. I have the authority to oversee and ensure the accuracy and integrity of the data entered into the system.', '09123456789', 'admin@gmail.com', 'admin');

-- --------------------------------------------------------

--
-- Table structure for table `alert`
--

CREATE TABLE `alert` (
  `alert_id` int(11) NOT NULL,
  `color` varchar(50) NOT NULL,
  `status` varchar(250) NOT NULL
) ENGINE=InnoDB DEFAULT CHARSET=utf8mb4 COLLATE=utf8mb4_general_ci;

--
-- Dumping data for table `alert`
--

INSERT INTO `alert` (`alert_id`, `color`, `status`) VALUES
(1, 'Yellow', 'Attention! more than 2,000 remaining before reaching the limit.'),
(2, 'Orange', 'Attention! more than 1,000 remaining before reaching the limit.'),
(3, 'Red', 'WARNING! Less than 1,000 remaining. You are approaching the limit and need to change the oil immediately.'),
(4, 'Green', 'Optimal condition. No immediate oil change required.');

-- --------------------------------------------------------

--
-- Table structure for table `change_oil`
--

CREATE TABLE `change_oil` (
  `oil_id` int(11) NOT NULL,
  `trck_id` int(11) DEFAULT NULL,
  `change_oil_odo` int(11) DEFAULT NULL,
  `k` varchar(250) NOT NULL,
  `date` date NOT NULL,
  `column1` int(11) DEFAULT NULL,
  `column2` int(11) DEFAULT NULL,
  `status` varchar(250) NOT NULL
) ENGINE=InnoDB DEFAULT CHARSET=utf8mb4 COLLATE=utf8mb4_general_ci;

--
-- Dumping data for table `change_oil`
--

INSERT INTO `change_oil` (`oil_id`, `trck_id`, `change_oil_odo`, `k`, `date`, `column1`, `column2`, `status`) VALUES
(3383, 1, NULL, '', '0000-00-00', 50000, NULL, ''),
(3384, 2, NULL, '', '0000-00-00', 50000, NULL, ''),
(3385, 3, NULL, '', '0000-00-00', 50000, NULL, ''),
(3386, 4, NULL, '', '0000-00-00', 50000, NULL, ''),
(3387, 5, NULL, '', '0000-00-00', 50000, NULL, ''),
(3388, 6, NULL, '', '0000-00-00', 50000, NULL, ''),
(3389, 7, NULL, '', '0000-00-00', 50000, NULL, ''),
(3390, 8, NULL, '', '0000-00-00', 50000, NULL, ''),
(3391, 9, NULL, '', '0000-00-00', 50000, NULL, ''),
(3392, 10, NULL, '', '0000-00-00', 50000, NULL, ''),
(3393, 11, NULL, '', '0000-00-00', 50000, NULL, ''),
(3394, 12, NULL, '', '0000-00-00', 50000, NULL, ''),
(3395, 13, NULL, '', '0000-00-00', 50000, NULL, ''),
(3396, 14, NULL, '', '0000-00-00', 50000, NULL, ''),
(3397, 15, NULL, '', '0000-00-00', 50000, NULL, ''),
(3398, 16, NULL, '', '0000-00-00', 50000, NULL, ''),
(3399, 17, NULL, '', '0000-00-00', 50000, NULL, ''),
(3400, 18, NULL, '', '0000-00-00', 50000, NULL, ''),
(3401, 19, NULL, '', '0000-00-00', 50000, NULL, ''),
(3402, 20, NULL, '', '0000-00-00', 50000, NULL, ''),
(3403, 21, 43281, '', '2025-02-13', 50000, NULL, ''),
(3404, 22, 49821, '', '2025-02-13', 50000, NULL, ''),
(3405, 23, 39724, '', '2025-02-13', 50000, NULL, ''),
(3406, 24, 45553, '', '2025-02-13', 50000, NULL, ''),
(3407, 25, 43924, '', '2025-02-13', 50000, NULL, ''),
(3408, 26, 42120, '', '2025-02-13', 50000, NULL, ''),
(3409, 27, 42488, '', '2025-02-13', 50000, NULL, ''),
(3410, 28, 39944, '', '2025-02-13', 50000, NULL, ''),
(3411, 29, 39469, '', '2025-02-13', 50000, NULL, ''),
(3412, 30, 38541, '', '2025-02-13', 50000, NULL, ''),
(3413, 31, 38778, '', '2025-02-13', 50000, NULL, ''),
(3414, 32, 41750, '', '2025-02-13', 50000, NULL, ''),
(3415, 33, 43973, '', '2025-02-13', 50000, NULL, ''),
(3416, 34, 45893, '', '2025-02-13', 50000, NULL, ''),
(3417, 35, 35502, '', '2025-02-13', 50000, NULL, ''),
(3418, 36, 31032, '', '2025-02-13', 50000, NULL, ''),
(3419, 37, 35919, '', '2025-02-13', 50000, NULL, ''),
(3420, 38, 36064, '', '2025-02-13', 50000, NULL, ''),
(3421, 39, 36893, '', '2025-02-13', 50000, NULL, ''),
(3422, 40, 33142, '', '2025-02-13', 50000, NULL, ''),
(3423, 41, NULL, '', '0000-00-00', 50000, NULL, ''),
(3424, 42, NULL, '', '0000-00-00', 50000, NULL, ''),
(3425, 43, NULL, '', '0000-00-00', 50000, NULL, ''),
(3426, 44, NULL, '', '0000-00-00', 50000, NULL, ''),
(3427, 45, NULL, '', '0000-00-00', 50000, NULL, ''),
(3428, 46, NULL, '', '0000-00-00', 50000, NULL, ''),
(3429, 47, NULL, '', '0000-00-00', 50000, NULL, ''),
(3430, 48, NULL, '', '0000-00-00', 50000, NULL, ''),
(3431, 49, NULL, '', '0000-00-00', 50000, NULL, ''),
(3432, 50, NULL, '', '0000-00-00', 50000, NULL, ''),
(3433, 51, NULL, '', '0000-00-00', 50000, NULL, ''),
(3434, 52, NULL, '', '0000-00-00', 50000, NULL, ''),
(3435, 53, NULL, '', '0000-00-00', 50000, NULL, ''),
(3436, 54, NULL, '', '0000-00-00', 50000, NULL, ''),
(3437, 55, NULL, '', '0000-00-00', 50000, NULL, ''),
(3438, 56, NULL, '', '0000-00-00', 50000, NULL, ''),
(3439, 57, NULL, '', '0000-00-00', 50000, NULL, ''),
(3440, 58, NULL, '', '0000-00-00', 50000, NULL, ''),
(3441, 59, NULL, '', '0000-00-00', 50000, NULL, ''),
(3442, 60, NULL, '', '0000-00-00', 50000, NULL, ''),
(3443, 61, NULL, '', '0000-00-00', 50000, NULL, ''),
(3444, 62, NULL, '', '0000-00-00', 50000, NULL, ''),
(3445, 63, NULL, '', '0000-00-00', 50000, NULL, ''),
(3446, 64, NULL, '', '0000-00-00', 50000, NULL, ''),
(3447, 65, NULL, '', '0000-00-00', 50000, NULL, ''),
(3448, 66, NULL, '', '0000-00-00', 50000, NULL, ''),
(3449, 67, NULL, '', '0000-00-00', 50000, NULL, ''),
(3450, 68, NULL, '', '0000-00-00', 50000, NULL, ''),
(3451, 69, NULL, '', '0000-00-00', 50000, NULL, ''),
(3452, 70, NULL, '', '0000-00-00', 50000, NULL, ''),
(3453, 71, NULL, '', '0000-00-00', 50000, NULL, ''),
(3454, 72, NULL, '', '0000-00-00', 50000, NULL, ''),
(3455, 73, NULL, '', '0000-00-00', 50000, NULL, ''),
(3456, 74, NULL, '', '0000-00-00', 50000, NULL, ''),
(3457, 75, NULL, '', '0000-00-00', 50000, NULL, ''),
(3458, 76, NULL, '', '0000-00-00', 50000, NULL, ''),
(3459, 77, NULL, '', '0000-00-00', 50000, NULL, ''),
(3460, 78, NULL, '', '0000-00-00', 50000, NULL, ''),
(3461, 79, NULL, '', '0000-00-00', 50000, NULL, ''),
(3462, 80, NULL, '', '0000-00-00', 50000, NULL, ''),
(3463, 81, NULL, '', '0000-00-00', 50000, NULL, ''),
(3464, 82, NULL, '', '0000-00-00', 50000, NULL, ''),
(3465, 83, NULL, '', '0000-00-00', 50000, NULL, ''),
(3466, 84, NULL, '', '0000-00-00', 50000, NULL, ''),
(3467, 85, NULL, '', '0000-00-00', 50000, NULL, ''),
(3468, 86, NULL, '', '0000-00-00', 50000, NULL, ''),
(3469, 87, NULL, '', '0000-00-00', 50000, NULL, ''),
(3470, 88, NULL, '', '0000-00-00', 50000, NULL, ''),
(3471, 89, NULL, '', '0000-00-00', 50000, NULL, ''),
(3472, 1, NULL, '', '0000-00-00', 5000, NULL, ''),
(3473, 2, NULL, '', '0000-00-00', 5000, NULL, ''),
(3474, 3, NULL, '', '0000-00-00', 5000, NULL, ''),
(3475, 4, NULL, '', '0000-00-00', 5000, NULL, ''),
(3476, 5, NULL, '', '0000-00-00', 5000, NULL, ''),
(3477, 6, NULL, '', '0000-00-00', 5000, NULL, ''),
(3478, 7, NULL, '', '0000-00-00', 5000, NULL, ''),
(3479, 8, NULL, '', '0000-00-00', 5000, NULL, ''),
(3480, 9, NULL, '', '0000-00-00', 5000, NULL, ''),
(3481, 10, NULL, '', '0000-00-00', 5000, NULL, ''),
(3482, 11, NULL, '', '0000-00-00', 5000, NULL, ''),
(3483, 12, NULL, '', '0000-00-00', 5000, NULL, ''),
(3484, 13, NULL, '', '0000-00-00', 5000, NULL, ''),
(3485, 14, NULL, '', '0000-00-00', 5000, NULL, ''),
(3486, 15, NULL, '', '0000-00-00', 5000, NULL, ''),
(3487, 16, NULL, '', '0000-00-00', 5000, NULL, ''),
(3488, 17, NULL, '', '0000-00-00', 5000, NULL, ''),
(3489, 18, NULL, '', '0000-00-00', 5000, NULL, ''),
(3490, 19, NULL, '', '0000-00-00', 5000, NULL, ''),
(3491, 20, NULL, '', '0000-00-00', 5000, NULL, ''),
(3492, 21, 5025, '', '2025-02-13', 5000, NULL, ''),
(3493, 22, 5196, '', '2025-02-13', 5000, NULL, ''),
(3494, 23, 5217, '', '2025-02-13', 5000, NULL, ''),
(3495, 24, 6084, '', '2025-02-13', 5000, NULL, ''),
(3496, 25, 4389, '', '2025-02-13', 5000, NULL, ''),
(3497, 26, 4398, '', '2025-02-13', 5000, NULL, ''),
(3498, 27, 5273, '', '2025-02-13', 5000, NULL, ''),
(3499, 28, 8285, '', '2025-02-13', 5000, NULL, ''),
(3500, 29, 7943, '', '2025-02-13', 5000, NULL, ''),
(3501, 30, 6491, '', '2025-02-13', 5000, NULL, ''),
(3502, 31, 6660, '', '2025-02-13', 5000, NULL, ''),
(3503, 32, 8377, '', '2025-02-13', 5000, NULL, ''),
(3504, 33, 8127, '', '2025-02-13', 5000, NULL, ''),
(3505, 34, 8125, '', '2025-02-13', 5000, NULL, ''),
(3506, 35, 5902, '', '2025-02-13', 5000, NULL, ''),
(3507, 36, 4077, '', '2025-02-13', 5000, NULL, ''),
(3508, 37, 6460, '', '2025-02-13', 5000, NULL, ''),
(3509, 38, 6466, '', '2025-02-13', 5000, NULL, ''),
(3510, 39, 6479, '', '2025-02-13', 5000, NULL, ''),
(3511, 40, 5566, '', '2025-02-13', 5000, NULL, ''),
(3512, 41, 7294, '', '2025-02-13', 5000, NULL, ''),
(3513, 42, 8408, '', '2025-02-13', 5000, NULL, ''),
(3514, 43, 8459, '', '2025-02-13', 5000, NULL, ''),
(3515, 44, 6344, '', '2025-02-13', 5000, NULL, ''),
(3516, 45, 3982, '', '2025-02-13', 5000, NULL, ''),
(3517, 46, 3494, '', '2025-02-13', 5000, NULL, ''),
(3518, 47, 5483, '', '2025-02-13', 5000, NULL, ''),
(3519, 48, 5630, '', '2025-02-13', 5000, NULL, ''),
(3520, 49, 6649, '', '2025-02-13', 5000, NULL, ''),
(3521, 50, 5387, '', '2025-02-13', 5000, NULL, ''),
(3522, 51, 8079, '', '2025-02-13', 5000, NULL, ''),
(3523, 52, 5314, '', '2025-02-13', 5000, NULL, ''),
(3524, 53, 6085, '', '2025-02-13', 5000, NULL, ''),
(3525, 54, 6543, '', '2025-02-13', 5000, NULL, ''),
(3526, 55, 7733, '', '2025-02-13', 5000, NULL, ''),
(3527, 56, NULL, '', '0000-00-00', 5000, NULL, ''),
(3528, 57, NULL, '', '0000-00-00', 5000, NULL, ''),
(3529, 58, NULL, '', '0000-00-00', 5000, NULL, ''),
(3530, 59, NULL, '', '0000-00-00', 5000, NULL, ''),
(3531, 60, NULL, '', '0000-00-00', 5000, NULL, ''),
(3532, 61, NULL, '', '0000-00-00', 5000, NULL, ''),
(3533, 62, NULL, '', '0000-00-00', 5000, NULL, ''),
(3534, 63, NULL, '', '0000-00-00', 5000, NULL, ''),
(3535, 64, NULL, '', '0000-00-00', 5000, NULL, ''),
(3536, 65, NULL, '', '0000-00-00', 5000, NULL, ''),
(3537, 66, NULL, '', '0000-00-00', 5000, NULL, ''),
(3538, 67, NULL, '', '0000-00-00', 5000, NULL, ''),
(3539, 68, NULL, '', '0000-00-00', 5000, NULL, ''),
(3540, 69, NULL, '', '0000-00-00', 5000, NULL, ''),
(3541, 70, NULL, '', '0000-00-00', 5000, NULL, ''),
(3542, 71, NULL, '', '0000-00-00', 5000, NULL, ''),
(3543, 72, NULL, '', '0000-00-00', 5000, NULL, ''),
(3544, 73, NULL, '', '0000-00-00', 5000, NULL, ''),
(3545, 74, NULL, '', '0000-00-00', 5000, NULL, ''),
(3546, 75, NULL, '', '0000-00-00', 5000, NULL, ''),
(3547, 76, NULL, '', '0000-00-00', 5000, NULL, ''),
(3548, 77, NULL, '', '0000-00-00', 5000, NULL, ''),
(3549, 78, NULL, '', '0000-00-00', 5000, NULL, ''),
(3550, 79, NULL, '', '0000-00-00', 5000, NULL, ''),
(3551, 80, NULL, '', '0000-00-00', 5000, NULL, ''),
(3552, 81, NULL, '', '0000-00-00', 5000, NULL, ''),
(3553, 82, NULL, '', '0000-00-00', 5000, NULL, ''),
(3554, 83, NULL, '', '0000-00-00', 5000, NULL, ''),
(3555, 84, NULL, '', '0000-00-00', 5000, NULL, ''),
(3556, 85, NULL, '', '0000-00-00', 5000, NULL, ''),
(3557, 86, NULL, '', '0000-00-00', 5000, NULL, ''),
(3558, 87, NULL, '', '0000-00-00', 5000, NULL, ''),
(3559, 88, NULL, '', '0000-00-00', 5000, NULL, ''),
(3560, 89, NULL, '', '0000-00-00', 5000, NULL, ''),
(3561, 1, NULL, '', '0000-00-00', 25000, NULL, ''),
(3562, 2, NULL, '', '0000-00-00', 25000, NULL, ''),
(3563, 3, NULL, '', '0000-00-00', 25000, NULL, ''),
(3564, 4, NULL, '', '0000-00-00', 25000, NULL, ''),
(3565, 5, NULL, '', '0000-00-00', 25000, NULL, ''),
(3566, 6, NULL, '', '0000-00-00', 25000, NULL, ''),
(3567, 7, NULL, '', '0000-00-00', 25000, NULL, ''),
(3568, 8, NULL, '', '0000-00-00', 25000, NULL, ''),
(3569, 9, NULL, '', '0000-00-00', 25000, NULL, ''),
(3570, 10, NULL, '', '0000-00-00', 25000, NULL, ''),
(3571, 11, NULL, '', '0000-00-00', 25000, NULL, ''),
(3572, 12, NULL, '', '0000-00-00', 25000, NULL, ''),
(3573, 13, NULL, '', '0000-00-00', 25000, NULL, ''),
(3574, 14, NULL, '', '0000-00-00', 25000, NULL, ''),
(3575, 15, NULL, '', '0000-00-00', 25000, NULL, ''),
(3576, 16, NULL, '', '0000-00-00', 25000, NULL, ''),
(3577, 17, NULL, '', '0000-00-00', 25000, NULL, ''),
(3578, 18, NULL, '', '0000-00-00', 25000, NULL, ''),
(3579, 19, NULL, '', '0000-00-00', 25000, NULL, ''),
(3580, 20, NULL, '', '0000-00-00', 25000, NULL, ''),
(3581, 21, 14696, '', '2025-02-13', 25000, NULL, ''),
(3582, 22, 22777, '', '2025-02-13', 25000, NULL, ''),
(3583, 23, 20368, '', '2025-02-13', 25000, NULL, ''),
(3584, 24, 25152, '', '2025-02-13', 25000, NULL, ''),
(3585, 25, 25163, '', '2025-02-13', 25000, NULL, ''),
(3586, 26, 24123, '', '2025-02-13', 25000, NULL, ''),
(3587, 27, 21392, '', '2025-02-13', 25000, NULL, ''),
(3588, 28, 25580, '', '2025-02-13', 25000, NULL, ''),
(3589, 29, 26115, '', '2025-02-13', 25000, NULL, ''),
(3590, 30, 20760, '', '2025-02-13', 25000, NULL, ''),
(3591, 31, 19479, '', '2025-02-13', 25000, NULL, ''),
(3592, 32, 20738, '', '2025-02-13', 25000, NULL, ''),
(3593, 33, 21327, '', '2025-02-13', 25000, NULL, ''),
(3594, 34, 20011, '', '2025-02-13', 25000, NULL, ''),
(3595, 35, 24641, '', '2025-02-13', 25000, NULL, ''),
(3596, 36, 18859, '', '2025-02-13', 25000, NULL, ''),
(3597, 37, 23135, '', '2025-02-13', 25000, NULL, ''),
(3598, 38, 23381, '', '2025-02-13', 25000, NULL, ''),
(3599, 39, 22577, '', '2025-02-13', 25000, NULL, ''),
(3600, 40, 21259, '', '2025-02-13', 25000, NULL, ''),
(3601, 41, 24156, '', '2025-02-13', 25000, NULL, ''),
(3602, 42, 27033, '', '2025-02-13', 25000, NULL, ''),
(3603, 43, 22607, '', '2025-02-13', 25000, NULL, ''),
(3604, 44, 21666, '', '2025-02-13', 25000, NULL, ''),
(3605, 45, 22143, '', '2025-02-13', 25000, NULL, ''),
(3606, 46, NULL, '', '0000-00-00', 25000, NULL, ''),
(3607, 47, NULL, '', '0000-00-00', 25000, NULL, ''),
(3608, 48, NULL, '', '0000-00-00', 25000, NULL, ''),
(3609, 49, NULL, '', '0000-00-00', 25000, NULL, ''),
(3610, 50, NULL, '', '0000-00-00', 25000, NULL, ''),
(3611, 51, NULL, '', '0000-00-00', 25000, NULL, ''),
(3612, 52, NULL, '', '0000-00-00', 25000, NULL, ''),
(3613, 53, NULL, '', '0000-00-00', 25000, NULL, ''),
(3614, 54, NULL, '', '0000-00-00', 25000, NULL, ''),
(3615, 55, NULL, '', '0000-00-00', 25000, NULL, ''),
(3616, 56, NULL, '', '0000-00-00', 25000, NULL, ''),
(3617, 57, NULL, '', '0000-00-00', 25000, NULL, ''),
(3618, 58, NULL, '', '0000-00-00', 25000, NULL, ''),
(3619, 59, NULL, '', '0000-00-00', 25000, NULL, ''),
(3620, 60, NULL, '', '0000-00-00', 25000, NULL, ''),
(3621, 61, NULL, '', '0000-00-00', 25000, NULL, ''),
(3622, 62, NULL, '', '0000-00-00', 25000, NULL, ''),
(3623, 63, NULL, '', '0000-00-00', 25000, NULL, ''),
(3624, 64, NULL, '', '0000-00-00', 25000, NULL, ''),
(3625, 65, NULL, '', '0000-00-00', 25000, NULL, ''),
(3626, 66, NULL, '', '0000-00-00', 25000, NULL, ''),
(3627, 67, NULL, '', '0000-00-00', 25000, NULL, ''),
(3628, 68, NULL, '', '0000-00-00', 25000, NULL, ''),
(3629, 69, NULL, '', '0000-00-00', 25000, NULL, ''),
(3630, 70, NULL, '', '0000-00-00', 25000, NULL, ''),
(3631, 71, NULL, '', '0000-00-00', 25000, NULL, ''),
(3632, 72, NULL, '', '0000-00-00', 25000, NULL, ''),
(3633, 73, NULL, '', '0000-00-00', 25000, NULL, ''),
(3634, 74, NULL, '', '0000-00-00', 25000, NULL, ''),
(3635, 75, NULL, '', '0000-00-00', 25000, NULL, ''),
(3636, 76, NULL, '', '0000-00-00', 25000, NULL, ''),
(3637, 77, NULL, '', '0000-00-00', 25000, NULL, ''),
(3638, 78, NULL, '', '0000-00-00', 25000, NULL, ''),
(3639, 79, NULL, '', '0000-00-00', 25000, NULL, ''),
(3640, 80, NULL, '', '0000-00-00', 25000, NULL, ''),
(3641, 81, NULL, '', '0000-00-00', 25000, NULL, ''),
(3642, 82, NULL, '', '0000-00-00', 25000, NULL, ''),
(3643, 83, NULL, '', '0000-00-00', 25000, NULL, ''),
(3644, 84, NULL, '', '0000-00-00', 25000, NULL, ''),
(3645, 85, NULL, '', '0000-00-00', 25000, NULL, ''),
(3646, 86, NULL, '', '0000-00-00', 25000, NULL, ''),
(3647, 87, NULL, '', '0000-00-00', 25000, NULL, ''),
(3648, 88, NULL, '', '0000-00-00', 25000, NULL, ''),
(3649, 89, NULL, '', '0000-00-00', 25000, NULL, ''),
(3650, 1, NULL, '', '0000-00-00', 5000, NULL, ''),
(3651, 2, NULL, '', '0000-00-00', 5000, NULL, ''),
(3652, 3, NULL, '', '0000-00-00', 5000, NULL, ''),
(3653, 4, NULL, '', '0000-00-00', 5000, NULL, ''),
(3654, 5, NULL, '', '0000-00-00', 5000, NULL, ''),
(3655, 6, NULL, '', '0000-00-00', 5000, NULL, ''),
(3656, 7, NULL, '', '0000-00-00', 5000, NULL, ''),
(3657, 8, NULL, '', '0000-00-00', 5000, NULL, ''),
(3658, 9, NULL, '', '0000-00-00', 5000, NULL, ''),
(3659, 10, NULL, '', '0000-00-00', 5000, NULL, ''),
(3660, 11, NULL, '', '0000-00-00', 5000, NULL, ''),
(3661, 12, NULL, '', '0000-00-00', 5000, NULL, ''),
(3662, 13, NULL, '', '0000-00-00', 5000, NULL, ''),
(3663, 14, NULL, '', '0000-00-00', 5000, NULL, ''),
(3664, 15, NULL, '', '0000-00-00', 5000, NULL, ''),
(3665, 16, NULL, '', '0000-00-00', 5000, NULL, ''),
(3666, 17, NULL, '', '0000-00-00', 5000, NULL, ''),
(3667, 18, NULL, '', '0000-00-00', 5000, NULL, ''),
(3668, 19, NULL, '', '0000-00-00', 5000, NULL, ''),
(3669, 20, NULL, '', '0000-00-00', 5000, NULL, ''),
(3670, 21, 5025, '', '2025-02-13', 5000, NULL, ''),
(3671, 22, 5196, '', '2025-02-13', 5000, NULL, ''),
(3672, 23, 5217, '', '2025-02-13', 5000, NULL, ''),
(3673, 24, 6084, '', '2025-02-13', 5000, NULL, ''),
(3674, 25, 4389, '', '2025-02-13', 5000, NULL, ''),
(3675, 26, 4398, '', '2025-02-13', 5000, NULL, ''),
(3676, 27, 5273, '', '2025-02-13', 5000, NULL, ''),
(3677, 28, 8285, '', '2025-02-13', 5000, NULL, ''),
(3678, 29, 7943, '', '2025-02-13', 5000, NULL, ''),
(3679, 30, 6491, '', '2025-02-13', 5000, NULL, ''),
(3680, 31, 6660, '', '2025-02-13', 5000, NULL, ''),
(3681, 32, 8377, '', '2025-02-13', 5000, NULL, ''),
(3682, 33, 8127, '', '2025-02-13', 5000, NULL, ''),
(3683, 34, 8125, '', '2025-02-13', 5000, NULL, ''),
(3684, 35, 5902, '', '2025-02-13', 5000, NULL, ''),
(3685, 36, 4077, '', '2025-02-13', 5000, NULL, ''),
(3686, 37, 6460, '', '2025-02-13', 5000, NULL, ''),
(3687, 38, 6466, '', '2025-02-13', 5000, NULL, ''),
(3688, 39, 6479, '', '2025-02-13', 5000, NULL, ''),
(3689, 40, 5566, '', '2025-02-13', 5000, NULL, ''),
(3690, 41, 7294, '', '2025-02-13', 5000, NULL, ''),
(3691, 42, 8408, '', '2025-02-13', 5000, NULL, ''),
(3692, 43, 8459, '', '2025-02-13', 5000, NULL, ''),
(3693, 44, 6344, '', '2025-02-13', 5000, NULL, ''),
(3694, 45, 3982, '', '2025-02-13', 5000, NULL, ''),
(3695, 46, 3494, '', '2025-02-13', 5000, NULL, ''),
(3696, 47, 5483, '', '2025-02-13', 5000, NULL, ''),
(3697, 48, 5630, '', '2025-02-13', 5000, NULL, ''),
(3698, 49, 6649, '', '2025-02-13', 5000, NULL, ''),
(3699, 50, 5387, '', '2025-02-13', 5000, NULL, ''),
(3700, 51, 8079, '', '2025-02-13', 5000, NULL, ''),
(3701, 52, 5314, '', '2025-02-13', 5000, NULL, ''),
(3702, 53, 6085, '', '2025-02-13', 5000, NULL, ''),
(3703, 54, 6543, '', '2025-02-13', 5000, NULL, ''),
(3704, 55, 7733, '', '2025-02-13', 5000, NULL, ''),
(3705, 56, NULL, '', '0000-00-00', 5000, NULL, ''),
(3706, 57, NULL, '', '0000-00-00', 5000, NULL, ''),
(3707, 58, NULL, '', '0000-00-00', 5000, NULL, ''),
(3708, 59, NULL, '', '0000-00-00', 5000, NULL, ''),
(3709, 60, NULL, '', '0000-00-00', 5000, NULL, ''),
(3710, 61, NULL, '', '0000-00-00', 5000, NULL, ''),
(3711, 62, NULL, '', '0000-00-00', 5000, NULL, ''),
(3712, 63, NULL, '', '0000-00-00', 5000, NULL, ''),
(3713, 64, NULL, '', '0000-00-00', 5000, NULL, ''),
(3714, 65, NULL, '', '0000-00-00', 5000, NULL, ''),
(3715, 66, NULL, '', '0000-00-00', 5000, NULL, ''),
(3716, 67, NULL, '', '0000-00-00', 5000, NULL, ''),
(3717, 68, NULL, '', '0000-00-00', 5000, NULL, ''),
(3718, 69, NULL, '', '0000-00-00', 5000, NULL, ''),
(3719, 70, NULL, '', '0000-00-00', 5000, NULL, ''),
(3720, 71, NULL, '', '0000-00-00', 5000, NULL, ''),
(3721, 72, NULL, '', '0000-00-00', 5000, NULL, ''),
(3722, 73, NULL, '', '0000-00-00', 5000, NULL, ''),
(3723, 74, NULL, '', '0000-00-00', 5000, NULL, ''),
(3724, 75, NULL, '', '0000-00-00', 5000, NULL, ''),
(3725, 76, NULL, '', '0000-00-00', 5000, NULL, ''),
(3726, 77, NULL, '', '0000-00-00', 5000, NULL, ''),
(3727, 78, NULL, '', '0000-00-00', 5000, NULL, ''),
(3728, 79, NULL, '', '0000-00-00', 5000, NULL, ''),
(3729, 80, NULL, '', '0000-00-00', 5000, NULL, ''),
(3730, 81, NULL, '', '0000-00-00', 5000, NULL, ''),
(3731, 82, NULL, '', '0000-00-00', 5000, NULL, ''),
(3732, 83, NULL, '', '0000-00-00', 5000, NULL, ''),
(3733, 84, NULL, '', '0000-00-00', 5000, NULL, ''),
(3734, 85, NULL, '', '0000-00-00', 5000, NULL, ''),
(3735, 86, NULL, '', '0000-00-00', 5000, NULL, ''),
(3736, 87, NULL, '', '0000-00-00', 5000, NULL, ''),
(3737, 88, NULL, '', '0000-00-00', 5000, NULL, ''),
(3738, 89, NULL, '', '0000-00-00', 5000, NULL, ''),
(3739, 1, NULL, '', '0000-00-00', 5000, NULL, ''),
(3740, 2, NULL, '', '0000-00-00', 5000, NULL, ''),
(3741, 3, NULL, '', '0000-00-00', 5000, NULL, ''),
(3742, 4, NULL, '', '0000-00-00', 5000, NULL, ''),
(3743, 5, NULL, '', '0000-00-00', 5000, NULL, ''),
(3744, 6, NULL, '', '0000-00-00', 5000, NULL, ''),
(3745, 7, NULL, '', '0000-00-00', 5000, NULL, ''),
(3746, 8, NULL, '', '0000-00-00', 5000, NULL, ''),
(3747, 9, NULL, '', '0000-00-00', 5000, NULL, ''),
(3748, 10, NULL, '', '0000-00-00', 5000, NULL, ''),
(3749, 11, NULL, '', '0000-00-00', 5000, NULL, ''),
(3750, 12, NULL, '', '0000-00-00', 5000, NULL, ''),
(3751, 13, NULL, '', '0000-00-00', 5000, NULL, ''),
(3752, 14, NULL, '', '0000-00-00', 5000, NULL, ''),
(3753, 15, NULL, '', '0000-00-00', 5000, NULL, ''),
(3754, 16, NULL, '', '0000-00-00', 5000, NULL, ''),
(3755, 17, NULL, '', '0000-00-00', 5000, NULL, ''),
(3756, 18, NULL, '', '0000-00-00', 5000, NULL, ''),
(3757, 19, NULL, '', '0000-00-00', 5000, NULL, ''),
(3758, 20, NULL, '', '0000-00-00', 5000, NULL, ''),
(3759, 21, 5025, '', '2025-02-13', 5000, NULL, ''),
(3760, 22, 5196, '', '2025-02-13', 5000, NULL, ''),
(3761, 23, 5217, '', '2025-02-13', 5000, NULL, ''),
(3762, 24, 6084, '', '2025-02-13', 5000, NULL, ''),
(3763, 25, 4389, '', '2025-02-13', 5000, NULL, ''),
(3764, 26, 4398, '', '2025-02-13', 5000, NULL, ''),
(3765, 27, 5273, '', '2025-02-13', 5000, NULL, ''),
(3766, 28, 8285, '', '2025-02-13', 5000, NULL, ''),
(3767, 29, 7943, '', '2025-02-13', 5000, NULL, ''),
(3768, 30, 6491, '', '2025-02-13', 5000, NULL, ''),
(3769, 31, 6660, '', '2025-02-13', 5000, NULL, ''),
(3770, 32, 8377, '', '2025-02-13', 5000, NULL, ''),
(3771, 33, 8127, '', '2025-02-13', 5000, NULL, ''),
(3772, 34, 8125, '', '2025-02-13', 5000, NULL, ''),
(3773, 35, 5902, '', '2025-02-13', 5000, NULL, ''),
(3774, 36, 4077, '', '2025-02-13', 5000, NULL, ''),
(3775, 37, 6460, '', '2025-02-13', 5000, NULL, ''),
(3776, 38, 6466, '', '2025-02-13', 5000, NULL, ''),
(3777, 39, 6479, '', '2025-02-13', 5000, NULL, ''),
(3778, 40, 5566, '', '2025-02-13', 5000, NULL, ''),
(3779, 41, 7294, '', '2025-02-13', 5000, NULL, ''),
(3780, 42, 8408, '', '2025-02-13', 5000, NULL, ''),
(3781, 43, 8459, '', '2025-02-13', 5000, NULL, ''),
(3782, 44, 6344, '', '2025-02-13', 5000, NULL, ''),
(3783, 45, 3982, '', '2025-02-13', 5000, NULL, ''),
(3784, 46, 3494, '', '2025-02-13', 5000, NULL, ''),
(3785, 47, 5483, '', '2025-02-13', 5000, NULL, ''),
(3786, 48, 5630, '', '2025-02-13', 5000, NULL, ''),
(3787, 49, 6649, '', '2025-02-13', 5000, NULL, ''),
(3788, 50, 5387, '', '2025-02-13', 5000, NULL, ''),
(3789, 51, 8079, '', '2025-02-13', 5000, NULL, ''),
(3790, 52, 5314, '', '2025-02-13', 5000, NULL, ''),
(3791, 53, 6085, '', '2025-02-13', 5000, NULL, ''),
(3792, 54, 6543, '', '2025-02-13', 5000, NULL, ''),
(3793, 55, 7733, '', '2025-02-13', 5000, NULL, ''),
(3794, 56, NULL, '', '0000-00-00', 5000, NULL, ''),
(3795, 57, NULL, '', '0000-00-00', 5000, NULL, ''),
(3796, 58, NULL, '', '0000-00-00', 5000, NULL, ''),
(3797, 59, NULL, '', '0000-00-00', 5000, NULL, ''),
(3798, 60, NULL, '', '0000-00-00', 5000, NULL, ''),
(3799, 61, NULL, '', '0000-00-00', 5000, NULL, ''),
(3800, 62, NULL, '', '0000-00-00', 5000, NULL, ''),
(3801, 63, NULL, '', '0000-00-00', 5000, NULL, ''),
(3802, 64, NULL, '', '0000-00-00', 5000, NULL, ''),
(3803, 65, NULL, '', '0000-00-00', 5000, NULL, ''),
(3804, 66, NULL, '', '0000-00-00', 5000, NULL, ''),
(3805, 67, NULL, '', '0000-00-00', 5000, NULL, ''),
(3806, 68, NULL, '', '0000-00-00', 5000, NULL, ''),
(3807, 69, NULL, '', '0000-00-00', 5000, NULL, ''),
(3808, 70, NULL, '', '0000-00-00', 5000, NULL, ''),
(3809, 71, NULL, '', '0000-00-00', 5000, NULL, ''),
(3810, 72, NULL, '', '0000-00-00', 5000, NULL, ''),
(3811, 73, NULL, '', '0000-00-00', 5000, NULL, ''),
(3812, 74, NULL, '', '0000-00-00', 5000, NULL, ''),
(3813, 75, NULL, '', '0000-00-00', 5000, NULL, ''),
(3814, 76, NULL, '', '0000-00-00', 5000, NULL, ''),
(3815, 77, NULL, '', '0000-00-00', 5000, NULL, ''),
(3816, 78, NULL, '', '0000-00-00', 5000, NULL, ''),
(3817, 79, NULL, '', '0000-00-00', 5000, NULL, ''),
(3818, 80, NULL, '', '0000-00-00', 5000, NULL, ''),
(3819, 81, NULL, '', '0000-00-00', 5000, NULL, ''),
(3820, 82, NULL, '', '0000-00-00', 5000, NULL, ''),
(3821, 83, NULL, '', '0000-00-00', 5000, NULL, ''),
(3822, 84, NULL, '', '0000-00-00', 5000, NULL, ''),
(3823, 85, NULL, '', '0000-00-00', 5000, NULL, ''),
(3824, 86, NULL, '', '0000-00-00', 5000, NULL, ''),
(3825, 87, NULL, '', '0000-00-00', 5000, NULL, ''),
(3826, 88, NULL, '', '0000-00-00', 5000, NULL, ''),
(3827, 89, NULL, '', '0000-00-00', 5000, NULL, ''),
(3828, 1, NULL, '', '0000-00-00', 50000, NULL, ''),
(3829, 2, NULL, '', '0000-00-00', 50000, NULL, ''),
(3830, 3, NULL, '', '0000-00-00', 50000, NULL, ''),
(3831, 4, NULL, '', '0000-00-00', 50000, NULL, ''),
(3832, 5, NULL, '', '0000-00-00', 50000, NULL, ''),
(3833, 6, NULL, '', '0000-00-00', 50000, NULL, ''),
(3834, 7, NULL, '', '0000-00-00', 50000, NULL, ''),
(3835, 8, NULL, '', '0000-00-00', 50000, NULL, ''),
(3836, 9, NULL, '', '0000-00-00', 50000, NULL, ''),
(3837, 10, NULL, '', '0000-00-00', 50000, NULL, ''),
(3838, 11, NULL, '', '0000-00-00', 50000, NULL, ''),
(3839, 12, NULL, '', '0000-00-00', 50000, NULL, ''),
(3840, 13, NULL, '', '0000-00-00', 50000, NULL, ''),
(3841, 14, NULL, '', '0000-00-00', 50000, NULL, ''),
(3842, 15, NULL, '', '0000-00-00', 50000, NULL, ''),
(3843, 16, NULL, '', '0000-00-00', 50000, NULL, ''),
(3844, 17, NULL, '', '0000-00-00', 50000, NULL, ''),
(3845, 18, NULL, '', '0000-00-00', 50000, NULL, ''),
(3846, 19, NULL, '', '0000-00-00', 50000, NULL, ''),
(3847, 20, NULL, '', '0000-00-00', 50000, NULL, ''),
(3848, 21, 43281, '', '2025-02-13', 50000, NULL, ''),
(3849, 22, 49821, '', '2025-02-13', 50000, NULL, ''),
(3850, 23, 39724, '', '2025-02-13', 50000, NULL, ''),
(3851, 24, 45553, '', '2025-02-13', 50000, NULL, ''),
(3852, 25, 43924, '', '2025-02-13', 50000, NULL, ''),
(3853, 26, 42120, '', '2025-02-13', 50000, NULL, ''),
(3854, 27, 42488, '', '2025-02-13', 50000, NULL, ''),
(3855, 28, 39944, '', '2025-02-13', 50000, NULL, ''),
(3856, 29, 39469, '', '2025-02-13', 50000, NULL, ''),
(3857, 30, 38541, '', '2025-02-13', 50000, NULL, ''),
(3858, 31, 38778, '', '2025-02-13', 50000, NULL, ''),
(3859, 32, 41750, '', '2025-02-13', 50000, NULL, ''),
(3860, 33, 43973, '', '2025-02-13', 50000, NULL, ''),
(3861, 34, 45893, '', '2025-02-13', 50000, NULL, ''),
(3862, 35, 35502, '', '2025-02-13', 50000, NULL, ''),
(3863, 36, 31032, '', '2025-02-13', 50000, NULL, ''),
(3864, 37, 35919, '', '2025-02-13', 50000, NULL, ''),
(3865, 38, 36064, '', '2025-02-13', 50000, NULL, ''),
(3866, 39, 36893, '', '2025-02-13', 50000, NULL, ''),
(3867, 40, 33142, '', '2025-02-13', 50000, NULL, ''),
(3868, 41, NULL, '', '0000-00-00', 50000, NULL, ''),
(3869, 42, NULL, '', '0000-00-00', 50000, NULL, ''),
(3870, 43, NULL, '', '0000-00-00', 50000, NULL, ''),
(3871, 44, NULL, '', '0000-00-00', 50000, NULL, ''),
(3872, 45, NULL, '', '0000-00-00', 50000, NULL, ''),
(3873, 46, NULL, '', '0000-00-00', 50000, NULL, ''),
(3874, 47, NULL, '', '0000-00-00', 50000, NULL, ''),
(3875, 48, NULL, '', '0000-00-00', 50000, NULL, ''),
(3876, 49, NULL, '', '0000-00-00', 50000, NULL, ''),
(3877, 50, NULL, '', '0000-00-00', 50000, NULL, ''),
(3878, 51, NULL, '', '0000-00-00', 50000, NULL, ''),
(3879, 52, NULL, '', '0000-00-00', 50000, NULL, ''),
(3880, 53, NULL, '', '0000-00-00', 50000, NULL, ''),
(3881, 54, NULL, '', '0000-00-00', 50000, NULL, ''),
(3882, 55, NULL, '', '0000-00-00', 50000, NULL, ''),
(3883, 56, NULL, '', '0000-00-00', 50000, NULL, ''),
(3884, 57, NULL, '', '0000-00-00', 50000, NULL, ''),
(3885, 58, NULL, '', '0000-00-00', 50000, NULL, ''),
(3886, 59, NULL, '', '0000-00-00', 50000, NULL, ''),
(3887, 60, NULL, '', '0000-00-00', 50000, NULL, ''),
(3888, 61, NULL, '', '0000-00-00', 50000, NULL, ''),
(3889, 62, NULL, '', '0000-00-00', 50000, NULL, ''),
(3890, 63, NULL, '', '0000-00-00', 50000, NULL, ''),
(3891, 64, NULL, '', '0000-00-00', 50000, NULL, ''),
(3892, 65, NULL, '', '0000-00-00', 50000, NULL, ''),
(3893, 66, NULL, '', '0000-00-00', 50000, NULL, ''),
(3894, 67, NULL, '', '0000-00-00', 50000, NULL, ''),
(3895, 68, NULL, '', '0000-00-00', 50000, NULL, ''),
(3896, 69, NULL, '', '0000-00-00', 50000, NULL, ''),
(3897, 70, NULL, '', '0000-00-00', 50000, NULL, ''),
(3898, 71, NULL, '', '0000-00-00', 50000, NULL, ''),
(3899, 72, NULL, '', '0000-00-00', 50000, NULL, ''),
(3900, 73, NULL, '', '0000-00-00', 50000, NULL, ''),
(3901, 74, NULL, '', '0000-00-00', 50000, NULL, ''),
(3902, 75, NULL, '', '0000-00-00', 50000, NULL, ''),
(3903, 76, NULL, '', '0000-00-00', 50000, NULL, ''),
(3904, 77, NULL, '', '0000-00-00', 50000, NULL, ''),
(3905, 78, NULL, '', '0000-00-00', 50000, NULL, ''),
(3906, 79, NULL, '', '0000-00-00', 50000, NULL, ''),
(3907, 80, NULL, '', '0000-00-00', 50000, NULL, ''),
(3908, 81, NULL, '', '0000-00-00', 50000, NULL, ''),
(3909, 82, NULL, '', '0000-00-00', 50000, NULL, ''),
(3910, 83, NULL, '', '0000-00-00', 50000, NULL, ''),
(3911, 84, NULL, '', '0000-00-00', 50000, NULL, ''),
(3912, 85, NULL, '', '0000-00-00', 50000, NULL, ''),
(3913, 86, NULL, '', '0000-00-00', 50000, NULL, ''),
(3914, 87, NULL, '', '0000-00-00', 50000, NULL, ''),
(3915, 88, NULL, '', '0000-00-00', 50000, NULL, ''),
(3916, 89, NULL, '', '0000-00-00', 50000, NULL, ''),
(3917, 1, NULL, '', '0000-00-00', NULL, 5000, ''),
(3918, 2, NULL, '', '0000-00-00', NULL, 5000, ''),
(3919, 3, NULL, '', '0000-00-00', NULL, 5000, ''),
(3920, 4, NULL, '', '0000-00-00', NULL, 5000, ''),
(3921, 5, NULL, '', '0000-00-00', NULL, 5000, ''),
(3922, 6, NULL, '', '0000-00-00', NULL, 5000, ''),
(3923, 7, NULL, '', '0000-00-00', NULL, 5000, ''),
(3924, 8, NULL, '', '0000-00-00', NULL, 5000, ''),
(3925, 9, NULL, '', '0000-00-00', NULL, 5000, ''),
(3926, 10, NULL, '', '0000-00-00', NULL, 5000, ''),
(3927, 11, NULL, '', '0000-00-00', NULL, 5000, ''),
(3928, 12, NULL, '', '0000-00-00', NULL, 5000, ''),
(3929, 13, NULL, '', '0000-00-00', NULL, 5000, ''),
(3930, 14, NULL, '', '0000-00-00', NULL, 5000, ''),
(3931, 15, 4963, '', '2025-02-13', NULL, 5000, ''),
(3932, 16, 5163, '', '2025-02-13', NULL, 5000, ''),
(3933, 17, 4896, '', '2025-02-13', NULL, 5000, ''),
(3934, 18, 5102, '', '2025-02-13', NULL, 5000, ''),
(3935, 19, NULL, '', '0000-00-00', NULL, 5000, ''),
(3936, 20, 4491, '', '2025-02-13', NULL, 5000, ''),
(3937, 21, NULL, '', '0000-00-00', NULL, 5000, ''),
(3938, 22, NULL, '', '0000-00-00', NULL, 5000, ''),
(3939, 23, NULL, '', '0000-00-00', NULL, 5000, ''),
(3940, 24, NULL, '', '0000-00-00', NULL, 5000, ''),
(3941, 25, NULL, '', '0000-00-00', NULL, 5000, ''),
(3942, 26, NULL, '', '0000-00-00', NULL, 5000, ''),
(3943, 27, NULL, '', '0000-00-00', NULL, 5000, ''),
(3944, 28, NULL, '', '0000-00-00', NULL, 5000, ''),
(3945, 29, NULL, '', '0000-00-00', NULL, 5000, ''),
(3946, 30, NULL, '', '0000-00-00', NULL, 5000, ''),
(3947, 31, NULL, '', '0000-00-00', NULL, 5000, ''),
(3948, 32, NULL, '', '0000-00-00', NULL, 5000, ''),
(3949, 33, NULL, '', '0000-00-00', NULL, 5000, ''),
(3950, 34, NULL, '', '0000-00-00', NULL, 5000, ''),
(3951, 35, NULL, '', '0000-00-00', NULL, 5000, ''),
(3952, 36, NULL, '', '0000-00-00', NULL, 5000, ''),
(3953, 37, NULL, '', '0000-00-00', NULL, 5000, ''),
(3954, 38, NULL, '', '0000-00-00', NULL, 5000, ''),
(3955, 39, NULL, '', '0000-00-00', NULL, 5000, ''),
(3956, 40, NULL, '', '0000-00-00', NULL, 5000, ''),
(3957, 41, NULL, '', '0000-00-00', NULL, 5000, ''),
(3958, 42, NULL, '', '0000-00-00', NULL, 5000, ''),
(3959, 43, NULL, '', '0000-00-00', NULL, 5000, ''),
(3960, 44, NULL, '', '0000-00-00', NULL, 5000, ''),
(3961, 45, NULL, '', '0000-00-00', NULL, 5000, ''),
(3962, 46, NULL, '', '0000-00-00', NULL, 5000, ''),
(3963, 47, NULL, '', '0000-00-00', NULL, 5000, ''),
(3964, 48, NULL, '', '0000-00-00', NULL, 5000, ''),
(3965, 49, NULL, '', '0000-00-00', NULL, 5000, ''),
(3966, 50, NULL, '', '0000-00-00', NULL, 5000, ''),
(3967, 51, NULL, '', '0000-00-00', NULL, 5000, ''),
(3968, 52, NULL, '', '0000-00-00', NULL, 5000, ''),
(3969, 53, NULL, '', '0000-00-00', NULL, 5000, ''),
(3970, 54, NULL, '', '0000-00-00', NULL, 5000, ''),
(3971, 55, NULL, '', '0000-00-00', NULL, 5000, ''),
(3972, 56, NULL, '', '0000-00-00', NULL, 5000, ''),
(3973, 57, NULL, '', '0000-00-00', NULL, 5000, ''),
(3974, 58, NULL, '', '0000-00-00', NULL, 5000, ''),
(3975, 59, NULL, '', '0000-00-00', NULL, 5000, ''),
(3976, 60, NULL, '', '0000-00-00', NULL, 5000, ''),
(3977, 61, NULL, '', '0000-00-00', NULL, 5000, ''),
(3978, 62, NULL, '', '0000-00-00', NULL, 5000, ''),
(3979, 63, NULL, '', '0000-00-00', NULL, 5000, ''),
(3980, 64, NULL, '', '0000-00-00', NULL, 5000, ''),
(3981, 65, NULL, '', '0000-00-00', NULL, 5000, ''),
(3982, 66, NULL, '', '0000-00-00', NULL, 5000, ''),
(3983, 67, NULL, '', '0000-00-00', NULL, 5000, ''),
(3984, 68, NULL, '', '0000-00-00', NULL, 5000, ''),
(3985, 69, NULL, '', '0000-00-00', NULL, 5000, ''),
(3986, 70, NULL, '', '0000-00-00', NULL, 5000, ''),
(3987, 71, NULL, '', '0000-00-00', NULL, 5000, ''),
(3988, 72, NULL, '', '0000-00-00', NULL, 5000, ''),
(3989, 73, NULL, '', '0000-00-00', NULL, 5000, ''),
(3990, 74, NULL, '', '0000-00-00', NULL, 5000, ''),
(3991, 75, NULL, '', '0000-00-00', NULL, 5000, ''),
(3992, 76, NULL, '', '0000-00-00', NULL, 5000, ''),
(3993, 77, NULL, '', '0000-00-00', NULL, 5000, ''),
(3994, 78, NULL, '', '0000-00-00', NULL, 5000, ''),
(3995, 79, NULL, '', '0000-00-00', NULL, 5000, ''),
(3996, 80, 4657, '', '2025-02-13', NULL, 5000, ''),
(3997, 81, 6044, '', '2025-02-13', NULL, 5000, ''),
(3998, 82, 4508, '', '2025-02-13', NULL, 5000, ''),
(3999, 83, 5046, '', '2025-02-13', NULL, 5000, ''),
(4000, 84, 7532, '', '2025-02-13', NULL, 5000, ''),
(4001, 85, 3055, '', '2025-02-13', NULL, 5000, ''),
(4002, 86, 5754, '', '2025-02-13', NULL, 5000, ''),
(4003, 87, 4709, '', '2025-02-13', NULL, 5000, ''),
(4004, 88, 3127, '', '2025-02-13', NULL, 5000, ''),
(4005, 89, 4981, '', '2025-02-13', NULL, 5000, ''),
(4006, 1, NULL, '', '0000-00-00', 75000, NULL, ''),
(4007, 2, NULL, '', '0000-00-00', 75000, NULL, ''),
(4008, 3, NULL, '', '0000-00-00', 75000, NULL, ''),
(4009, 4, NULL, '', '0000-00-00', 75000, NULL, ''),
(4010, 5, NULL, '', '0000-00-00', 75000, NULL, ''),
(4011, 6, NULL, '', '0000-00-00', 75000, NULL, ''),
(4012, 7, NULL, '', '0000-00-00', 75000, NULL, ''),
(4013, 8, NULL, '', '0000-00-00', 75000, NULL, ''),
(4014, 9, NULL, '', '0000-00-00', 75000, NULL, ''),
(4015, 10, NULL, '', '0000-00-00', 75000, NULL, ''),
(4016, 11, NULL, '', '0000-00-00', 75000, NULL, ''),
(4017, 12, NULL, '', '0000-00-00', 75000, NULL, ''),
(4018, 13, NULL, '', '0000-00-00', 75000, NULL, ''),
(4019, 14, NULL, '', '0000-00-00', 75000, NULL, ''),
(4020, 15, NULL, '', '0000-00-00', 75000, NULL, ''),
(4021, 16, NULL, '', '0000-00-00', 75000, NULL, ''),
(4022, 17, NULL, '', '0000-00-00', 75000, NULL, ''),
(4023, 18, NULL, '', '0000-00-00', 75000, NULL, ''),
(4024, 19, NULL, '', '0000-00-00', 75000, NULL, ''),
(4025, 20, NULL, '', '0000-00-00', 75000, NULL, ''),
(4026, 21, 63884, '', '2025-02-13', 75000, NULL, ''),
(4027, 22, 63515, '', '2025-02-13', 75000, NULL, ''),
(4028, 23, 62305, '', '2025-02-13', 75000, NULL, ''),
(4029, 24, 65011, '', '2025-02-13', 75000, NULL, ''),
(4030, 25, 59554, '', '2025-02-13', 75000, NULL, ''),
(4031, 26, 59802, '', '2025-02-13', 75000, NULL, ''),
(4032, 27, 51980, '', '2025-02-13', 75000, NULL, ''),
(4033, 28, NULL, '', '0000-00-00', 75000, NULL, ''),
(4034, 29, NULL, '', '0000-00-00', 75000, NULL, ''),
(4035, 30, NULL, '', '0000-00-00', 75000, NULL, ''),
(4036, 31, NULL, '', '0000-00-00', 75000, NULL, ''),
(4037, 32, NULL, '', '0000-00-00', 75000, NULL, ''),
(4038, 33, NULL, '', '0000-00-00', 75000, NULL, ''),
(4039, 34, NULL, '', '0000-00-00', 75000, NULL, ''),
(4040, 35, NULL, '', '0000-00-00', 75000, NULL, ''),
(4041, 36, NULL, '', '0000-00-00', 75000, NULL, ''),
(4042, 37, NULL, '', '0000-00-00', 75000, NULL, ''),
(4043, 38, NULL, '', '0000-00-00', 75000, NULL, ''),
(4044, 39, NULL, '', '0000-00-00', 75000, NULL, ''),
(4045, 40, NULL, '', '0000-00-00', 75000, NULL, ''),
(4046, 41, NULL, '', '0000-00-00', 75000, NULL, ''),
(4047, 42, NULL, '', '0000-00-00', 75000, NULL, ''),
(4048, 43, NULL, '', '0000-00-00', 75000, NULL, ''),
(4049, 44, NULL, '', '0000-00-00', 75000, NULL, ''),
(4050, 45, NULL, '', '0000-00-00', 75000, NULL, ''),
(4051, 46, NULL, '', '0000-00-00', 75000, NULL, ''),
(4052, 47, NULL, '', '0000-00-00', 75000, NULL, ''),
(4053, 48, NULL, '', '0000-00-00', 75000, NULL, ''),
(4054, 49, NULL, '', '0000-00-00', 75000, NULL, ''),
(4055, 50, NULL, '', '0000-00-00', 75000, NULL, ''),
(4056, 51, NULL, '', '0000-00-00', 75000, NULL, ''),
(4057, 52, NULL, '', '0000-00-00', 75000, NULL, ''),
(4058, 53, NULL, '', '0000-00-00', 75000, NULL, ''),
(4059, 54, NULL, '', '0000-00-00', 75000, NULL, ''),
(4060, 55, NULL, '', '0000-00-00', 75000, NULL, ''),
(4061, 56, NULL, '', '0000-00-00', 75000, NULL, ''),
(4062, 57, NULL, '', '0000-00-00', 75000, NULL, ''),
(4063, 58, NULL, '', '0000-00-00', 75000, NULL, ''),
(4064, 59, NULL, '', '0000-00-00', 75000, NULL, ''),
(4065, 60, NULL, '', '0000-00-00', 75000, NULL, ''),
(4066, 61, NULL, '', '0000-00-00', 75000, NULL, ''),
(4067, 62, NULL, '', '0000-00-00', 75000, NULL, ''),
(4068, 63, NULL, '', '0000-00-00', 75000, NULL, ''),
(4069, 64, NULL, '', '0000-00-00', 75000, NULL, ''),
(4070, 65, NULL, '', '0000-00-00', 75000, NULL, ''),
(4071, 66, NULL, '', '0000-00-00', 75000, NULL, ''),
(4072, 67, NULL, '', '0000-00-00', 75000, NULL, ''),
(4073, 68, NULL, '', '0000-00-00', 75000, NULL, ''),
(4074, 69, NULL, '', '0000-00-00', 75000, NULL, ''),
(4075, 70, NULL, '', '0000-00-00', 75000, NULL, ''),
(4076, 71, NULL, '', '0000-00-00', 75000, NULL, ''),
(4077, 72, NULL, '', '0000-00-00', 75000, NULL, ''),
(4078, 73, NULL, '', '0000-00-00', 75000, NULL, ''),
(4079, 74, NULL, '', '0000-00-00', 75000, NULL, ''),
(4080, 75, NULL, '', '0000-00-00', 75000, NULL, ''),
(4081, 76, NULL, '', '0000-00-00', 75000, NULL, ''),
(4082, 77, NULL, '', '0000-00-00', 75000, NULL, ''),
(4083, 78, NULL, '', '0000-00-00', 75000, NULL, ''),
(4084, 79, NULL, '', '0000-00-00', 75000, NULL, ''),
(4085, 80, NULL, '', '0000-00-00', 75000, NULL, ''),
(4086, 81, NULL, '', '0000-00-00', 75000, NULL, ''),
(4087, 82, NULL, '', '0000-00-00', 75000, NULL, ''),
(4088, 83, NULL, '', '0000-00-00', 75000, NULL, ''),
(4089, 84, NULL, '', '0000-00-00', 75000, NULL, ''),
(4090, 85, NULL, '', '0000-00-00', 75000, NULL, ''),
(4091, 86, NULL, '', '0000-00-00', 75000, NULL, ''),
(4092, 87, NULL, '', '0000-00-00', 75000, NULL, ''),
(4093, 88, NULL, '', '0000-00-00', 75000, NULL, ''),
(4094, 89, NULL, '', '0000-00-00', 75000, NULL, ''),
(4095, 1, NULL, '', '0000-00-00', 100000, NULL, ''),
(4096, 2, NULL, '', '0000-00-00', 100000, NULL, ''),
(4097, 3, NULL, '', '0000-00-00', 100000, NULL, ''),
(4098, 4, NULL, '', '0000-00-00', 100000, NULL, ''),
(4099, 5, NULL, '', '0000-00-00', 100000, NULL, ''),
(4100, 6, NULL, '', '0000-00-00', 100000, NULL, ''),
(4101, 7, NULL, '', '0000-00-00', 100000, NULL, ''),
(4102, 8, NULL, '', '0000-00-00', 100000, NULL, ''),
(4103, 9, NULL, '', '0000-00-00', 100000, NULL, ''),
(4104, 10, NULL, '', '0000-00-00', 100000, NULL, ''),
(4105, 11, NULL, '', '0000-00-00', 100000, NULL, ''),
(4106, 12, NULL, '', '0000-00-00', 100000, NULL, ''),
(4107, 13, NULL, '', '0000-00-00', 100000, NULL, ''),
(4108, 14, NULL, '', '0000-00-00', 100000, NULL, ''),
(4109, 15, NULL, '', '0000-00-00', 100000, NULL, ''),
(4110, 16, NULL, '', '0000-00-00', 100000, NULL, ''),
(4111, 17, NULL, '', '0000-00-00', 100000, NULL, ''),
(4112, 18, NULL, '', '0000-00-00', 100000, NULL, ''),
(4113, 19, NULL, '', '0000-00-00', 100000, NULL, ''),
(4114, 20, NULL, '', '0000-00-00', 100000, NULL, ''),
(4115, 21, NULL, '', '0000-00-00', 100000, NULL, ''),
(4116, 22, 87849, '', '2025-02-13', 100000, NULL, ''),
(4117, 23, 81668, '', '2025-02-13', 100000, NULL, ''),
(4118, 24, 83946, '', '2025-02-13', 100000, NULL, ''),
(4119, 25, 75233, '', '2025-02-13', 100000, NULL, ''),
(4120, 26, 77780, '', '2025-02-13', 100000, NULL, ''),
(4121, 27, 68471, '', '2025-02-13', 100000, NULL, ''),
(4122, 28, NULL, '', '0000-00-00', 100000, NULL, ''),
(4123, 29, NULL, '', '0000-00-00', 100000, NULL, ''),
(4124, 30, NULL, '', '0000-00-00', 100000, NULL, ''),
(4125, 31, NULL, '', '0000-00-00', 100000, NULL, ''),
(4126, 32, NULL, '', '0000-00-00', 100000, NULL, ''),
(4127, 33, NULL, '', '0000-00-00', 100000, NULL, ''),
(4128, 34, NULL, '', '0000-00-00', 100000, NULL, ''),
(4129, 35, NULL, '', '0000-00-00', 100000, NULL, ''),
(4130, 36, NULL, '', '0000-00-00', 100000, NULL, ''),
(4131, 37, NULL, '', '0000-00-00', 100000, NULL, ''),
(4132, 38, NULL, '', '0000-00-00', 100000, NULL, ''),
(4133, 39, NULL, '', '0000-00-00', 100000, NULL, ''),
(4134, 40, NULL, '', '0000-00-00', 100000, NULL, ''),
(4135, 41, NULL, '', '0000-00-00', 100000, NULL, ''),
(4136, 42, NULL, '', '0000-00-00', 100000, NULL, ''),
(4137, 43, NULL, '', '0000-00-00', 100000, NULL, ''),
(4138, 44, NULL, '', '0000-00-00', 100000, NULL, ''),
(4139, 45, NULL, '', '0000-00-00', 100000, NULL, ''),
(4140, 46, NULL, '', '0000-00-00', 100000, NULL, ''),
(4141, 47, NULL, '', '0000-00-00', 100000, NULL, ''),
(4142, 48, NULL, '', '0000-00-00', 100000, NULL, ''),
(4143, 49, NULL, '', '0000-00-00', 100000, NULL, ''),
(4144, 50, NULL, '', '0000-00-00', 100000, NULL, ''),
(4145, 51, NULL, '', '0000-00-00', 100000, NULL, ''),
(4146, 52, NULL, '', '0000-00-00', 100000, NULL, ''),
(4147, 53, NULL, '', '0000-00-00', 100000, NULL, ''),
(4148, 54, NULL, '', '0000-00-00', 100000, NULL, ''),
(4149, 55, NULL, '', '0000-00-00', 100000, NULL, ''),
(4150, 56, NULL, '', '0000-00-00', 100000, NULL, ''),
(4151, 57, NULL, '', '0000-00-00', 100000, NULL, ''),
(4152, 58, NULL, '', '0000-00-00', 100000, NULL, ''),
(4153, 59, NULL, '', '0000-00-00', 100000, NULL, ''),
(4154, 60, NULL, '', '0000-00-00', 100000, NULL, ''),
(4155, 61, NULL, '', '0000-00-00', 100000, NULL, ''),
(4156, 62, NULL, '', '0000-00-00', 100000, NULL, ''),
(4157, 63, NULL, '', '0000-00-00', 100000, NULL, ''),
(4158, 64, NULL, '', '0000-00-00', 100000, NULL, ''),
(4159, 65, NULL, '', '0000-00-00', 100000, NULL, ''),
(4160, 66, NULL, '', '0000-00-00', 100000, NULL, ''),
(4161, 67, NULL, '', '0000-00-00', 100000, NULL, ''),
(4162, 68, NULL, '', '0000-00-00', 100000, NULL, ''),
(4163, 69, NULL, '', '0000-00-00', 100000, NULL, ''),
(4164, 70, NULL, '', '0000-00-00', 100000, NULL, ''),
(4165, 71, NULL, '', '0000-00-00', 100000, NULL, ''),
(4166, 72, NULL, '', '0000-00-00', 100000, NULL, ''),
(4167, 73, NULL, '', '0000-00-00', 100000, NULL, ''),
(4168, 74, NULL, '', '0000-00-00', 100000, NULL, ''),
(4169, 75, NULL, '', '0000-00-00', 100000, NULL, ''),
(4170, 76, NULL, '', '0000-00-00', 100000, NULL, ''),
(4171, 77, NULL, '', '0000-00-00', 100000, NULL, ''),
(4172, 78, NULL, '', '0000-00-00', 100000, NULL, ''),
(4173, 79, NULL, '', '0000-00-00', 100000, NULL, ''),
(4174, 80, NULL, '', '0000-00-00', 100000, NULL, ''),
(4175, 81, NULL, '', '0000-00-00', 100000, NULL, ''),
(4176, 82, NULL, '', '0000-00-00', 100000, NULL, ''),
(4177, 83, NULL, '', '0000-00-00', 100000, NULL, ''),
(4178, 84, NULL, '', '0000-00-00', 100000, NULL, ''),
(4179, 85, NULL, '', '0000-00-00', 100000, NULL, ''),
(4180, 86, NULL, '', '0000-00-00', 100000, NULL, ''),
(4181, 87, NULL, '', '0000-00-00', 100000, NULL, ''),
(4182, 88, NULL, '', '0000-00-00', 100000, NULL, ''),
(4183, 89, NULL, '', '0000-00-00', 100000, NULL, ''),
(4184, 1, NULL, '', '0000-00-00', 120000, NULL, ''),
(4185, 2, NULL, '', '0000-00-00', 120000, NULL, ''),
(4186, 3, NULL, '', '0000-00-00', 120000, NULL, ''),
(4187, 4, NULL, '', '0000-00-00', 120000, NULL, ''),
(4188, 5, NULL, '', '0000-00-00', 120000, NULL, ''),
(4189, 6, NULL, '', '0000-00-00', 120000, NULL, ''),
(4190, 7, NULL, '', '0000-00-00', 120000, NULL, ''),
(4191, 8, NULL, '', '0000-00-00', 120000, NULL, ''),
(4192, 9, NULL, '', '0000-00-00', 120000, NULL, ''),
(4193, 10, NULL, '', '0000-00-00', 120000, NULL, ''),
(4194, 11, NULL, '', '0000-00-00', 120000, NULL, ''),
(4195, 12, NULL, '', '0000-00-00', 120000, NULL, ''),
(4196, 13, NULL, '', '0000-00-00', 120000, NULL, ''),
(4197, 14, NULL, '', '0000-00-00', 120000, NULL, ''),
(4198, 15, NULL, '', '0000-00-00', 120000, NULL, ''),
(4199, 16, NULL, '', '0000-00-00', 120000, NULL, ''),
(4200, 17, NULL, '', '0000-00-00', 120000, NULL, ''),
(4201, 18, NULL, '', '0000-00-00', 120000, NULL, ''),
(4202, 19, NULL, '', '0000-00-00', 120000, NULL, ''),
(4203, 20, NULL, '', '0000-00-00', 120000, NULL, ''),
(4204, 21, NULL, '', '0000-00-00', 120000, NULL, ''),
(4205, 22, NULL, '', '0000-00-00', 120000, NULL, ''),
(4206, 23, NULL, '', '0000-00-00', 120000, NULL, ''),
(4207, 24, 99570, '', '2025-02-13', 120000, NULL, ''),
(4208, 25, NULL, '', '0000-00-00', 120000, NULL, ''),
(4209, 26, NULL, '', '0000-00-00', 120000, NULL, ''),
(4210, 27, NULL, '', '0000-00-00', 120000, NULL, ''),
(4211, 28, NULL, '', '0000-00-00', 120000, NULL, ''),
(4212, 29, NULL, '', '0000-00-00', 120000, NULL, ''),
(4213, 30, NULL, '', '0000-00-00', 120000, NULL, ''),
(4214, 31, NULL, '', '0000-00-00', 120000, NULL, ''),
(4215, 32, NULL, '', '0000-00-00', 120000, NULL, ''),
(4216, 33, NULL, '', '0000-00-00', 120000, NULL, ''),
(4217, 34, NULL, '', '0000-00-00', 120000, NULL, ''),
(4218, 35, NULL, '', '0000-00-00', 120000, NULL, ''),
(4219, 36, NULL, '', '0000-00-00', 120000, NULL, ''),
(4220, 37, NULL, '', '0000-00-00', 120000, NULL, ''),
(4221, 38, NULL, '', '0000-00-00', 120000, NULL, ''),
(4222, 39, NULL, '', '0000-00-00', 120000, NULL, ''),
(4223, 40, NULL, '', '0000-00-00', 120000, NULL, ''),
(4224, 41, NULL, '', '0000-00-00', 120000, NULL, ''),
(4225, 42, NULL, '', '0000-00-00', 120000, NULL, ''),
(4226, 43, NULL, '', '0000-00-00', 120000, NULL, ''),
(4227, 44, NULL, '', '0000-00-00', 120000, NULL, ''),
(4228, 45, NULL, '', '0000-00-00', 120000, NULL, ''),
(4229, 46, NULL, '', '0000-00-00', 120000, NULL, ''),
(4230, 47, NULL, '', '0000-00-00', 120000, NULL, ''),
(4231, 48, NULL, '', '0000-00-00', 120000, NULL, ''),
(4232, 49, NULL, '', '0000-00-00', 120000, NULL, ''),
(4233, 50, NULL, '', '0000-00-00', 120000, NULL, ''),
(4234, 51, NULL, '', '0000-00-00', 120000, NULL, ''),
(4235, 52, NULL, '', '0000-00-00', 120000, NULL, ''),
(4236, 53, NULL, '', '0000-00-00', 120000, NULL, ''),
(4237, 54, NULL, '', '0000-00-00', 120000, NULL, ''),
(4238, 55, NULL, '', '0000-00-00', 120000, NULL, ''),
(4239, 56, NULL, '', '0000-00-00', 120000, NULL, ''),
(4240, 57, NULL, '', '0000-00-00', 120000, NULL, ''),
(4241, 58, NULL, '', '0000-00-00', 120000, NULL, ''),
(4242, 59, NULL, '', '0000-00-00', 120000, NULL, ''),
(4243, 60, NULL, '', '0000-00-00', 120000, NULL, ''),
(4244, 61, NULL, '', '0000-00-00', 120000, NULL, ''),
(4245, 62, NULL, '', '0000-00-00', 120000, NULL, ''),
(4246, 63, NULL, '', '0000-00-00', 120000, NULL, ''),
(4247, 64, NULL, '', '0000-00-00', 120000, NULL, ''),
(4248, 65, NULL, '', '0000-00-00', 120000, NULL, ''),
(4249, 66, NULL, '', '0000-00-00', 120000, NULL, ''),
(4250, 67, NULL, '', '0000-00-00', 120000, NULL, ''),
(4251, 68, NULL, '', '0000-00-00', 120000, NULL, ''),
(4252, 69, NULL, '', '0000-00-00', 120000, NULL, ''),
(4253, 70, NULL, '', '0000-00-00', 120000, NULL, ''),
(4254, 71, NULL, '', '0000-00-00', 120000, NULL, ''),
(4255, 72, NULL, '', '0000-00-00', 120000, NULL, ''),
(4256, 73, NULL, '', '0000-00-00', 120000, NULL, ''),
(4257, 74, NULL, '', '0000-00-00', 120000, NULL, ''),
(4258, 75, NULL, '', '0000-00-00', 120000, NULL, ''),
(4259, 76, NULL, '', '0000-00-00', 120000, NULL, ''),
(4260, 77, NULL, '', '0000-00-00', 120000, NULL, ''),
(4261, 78, NULL, '', '0000-00-00', 120000, NULL, ''),
(4262, 79, NULL, '', '0000-00-00', 120000, NULL, ''),
(4263, 80, NULL, '', '0000-00-00', 120000, NULL, ''),
(4264, 81, NULL, '', '0000-00-00', 120000, NULL, ''),
(4265, 82, NULL, '', '0000-00-00', 120000, NULL, ''),
(4266, 83, NULL, '', '0000-00-00', 120000, NULL, ''),
(4267, 84, NULL, '', '0000-00-00', 120000, NULL, ''),
(4268, 85, NULL, '', '0000-00-00', 120000, NULL, ''),
(4269, 86, NULL, '', '0000-00-00', 120000, NULL, ''),
(4270, 87, NULL, '', '0000-00-00', 120000, NULL, ''),
(4271, 88, NULL, '', '0000-00-00', 120000, NULL, ''),
(4272, 89, NULL, '', '0000-00-00', 120000, NULL, ''),
(4273, 1, NULL, '', '0000-00-00', 145000, NULL, ''),
(4274, 2, NULL, '', '0000-00-00', 145000, NULL, ''),
(4275, 3, NULL, '', '0000-00-00', 145000, NULL, ''),
(4276, 4, NULL, '', '0000-00-00', 145000, NULL, ''),
(4277, 5, NULL, '', '0000-00-00', 145000, NULL, ''),
(4278, 6, NULL, '', '0000-00-00', 145000, NULL, ''),
(4279, 7, NULL, '', '0000-00-00', 145000, NULL, ''),
(4280, 8, NULL, '', '0000-00-00', 145000, NULL, ''),
(4281, 9, NULL, '', '0000-00-00', 145000, NULL, ''),
(4282, 10, NULL, '', '0000-00-00', 145000, NULL, ''),
(4283, 11, NULL, '', '0000-00-00', 145000, NULL, ''),
(4284, 12, NULL, '', '0000-00-00', 145000, NULL, ''),
(4285, 13, NULL, '', '0000-00-00', 145000, NULL, ''),
(4286, 14, NULL, '', '0000-00-00', 145000, NULL, ''),
(4287, 15, NULL, '', '0000-00-00', 145000, NULL, ''),
(4288, 16, NULL, '', '0000-00-00', 145000, NULL, ''),
(4289, 17, NULL, '', '0000-00-00', 145000, NULL, ''),
(4290, 18, NULL, '', '0000-00-00', 145000, NULL, ''),
(4291, 19, NULL, '', '0000-00-00', 145000, NULL, ''),
(4292, 20, NULL, '', '0000-00-00', 145000, NULL, ''),
(4293, 21, NULL, '', '0000-00-00', 145000, NULL, ''),
(4294, 22, NULL, '', '0000-00-00', 145000, NULL, ''),
(4295, 23, NULL, '', '0000-00-00', 145000, NULL, ''),
(4296, 24, NULL, '', '0000-00-00', 145000, NULL, ''),
(4297, 25, NULL, '', '0000-00-00', 145000, NULL, ''),
(4298, 26, NULL, '', '0000-00-00', 145000, NULL, ''),
(4299, 27, NULL, '', '0000-00-00', 145000, NULL, ''),
(4300, 28, NULL, '', '0000-00-00', 145000, NULL, ''),
(4301, 29, NULL, '', '0000-00-00', 145000, NULL, ''),
(4302, 30, NULL, '', '0000-00-00', 145000, NULL, ''),
(4303, 31, NULL, '', '0000-00-00', 145000, NULL, ''),
(4304, 32, NULL, '', '0000-00-00', 145000, NULL, ''),
(4305, 33, NULL, '', '0000-00-00', 145000, NULL, ''),
(4306, 34, NULL, '', '0000-00-00', 145000, NULL, ''),
(4307, 35, NULL, '', '0000-00-00', 145000, NULL, ''),
(4308, 36, NULL, '', '0000-00-00', 145000, NULL, ''),
(4309, 37, NULL, '', '0000-00-00', 145000, NULL, ''),
(4310, 38, NULL, '', '0000-00-00', 145000, NULL, ''),
(4311, 39, NULL, '', '0000-00-00', 145000, NULL, ''),
(4312, 40, NULL, '', '0000-00-00', 145000, NULL, ''),
(4313, 41, NULL, '', '0000-00-00', 145000, NULL, ''),
(4314, 42, NULL, '', '0000-00-00', 145000, NULL, ''),
(4315, 43, NULL, '', '0000-00-00', 145000, NULL, ''),
(4316, 44, NULL, '', '0000-00-00', 145000, NULL, ''),
(4317, 45, NULL, '', '0000-00-00', 145000, NULL, ''),
(4318, 46, NULL, '', '0000-00-00', 145000, NULL, ''),
(4319, 47, NULL, '', '0000-00-00', 145000, NULL, ''),
(4320, 48, NULL, '', '0000-00-00', 145000, NULL, ''),
(4321, 49, NULL, '', '0000-00-00', 145000, NULL, ''),
(4322, 50, NULL, '', '0000-00-00', 145000, NULL, ''),
(4323, 51, NULL, '', '0000-00-00', 145000, NULL, ''),
(4324, 52, NULL, '', '0000-00-00', 145000, NULL, ''),
(4325, 53, NULL, '', '0000-00-00', 145000, NULL, ''),
(4326, 54, NULL, '', '0000-00-00', 145000, NULL, ''),
(4327, 55, NULL, '', '0000-00-00', 145000, NULL, ''),
(4328, 56, NULL, '', '0000-00-00', 145000, NULL, ''),
(4329, 57, NULL, '', '0000-00-00', 145000, NULL, ''),
(4330, 58, NULL, '', '0000-00-00', 145000, NULL, ''),
(4331, 59, NULL, '', '0000-00-00', 145000, NULL, ''),
(4332, 60, NULL, '', '0000-00-00', 145000, NULL, ''),
(4333, 61, NULL, '', '0000-00-00', 145000, NULL, ''),
(4334, 62, NULL, '', '0000-00-00', 145000, NULL, ''),
(4335, 63, NULL, '', '0000-00-00', 145000, NULL, ''),
(4336, 64, NULL, '', '0000-00-00', 145000, NULL, ''),
(4337, 65, NULL, '', '0000-00-00', 145000, NULL, ''),
(4338, 66, NULL, '', '0000-00-00', 145000, NULL, ''),
(4339, 67, NULL, '', '0000-00-00', 145000, NULL, ''),
(4340, 68, NULL, '', '0000-00-00', 145000, NULL, ''),
(4341, 69, NULL, '', '0000-00-00', 145000, NULL, ''),
(4342, 70, NULL, '', '0000-00-00', 145000, NULL, ''),
(4343, 71, NULL, '', '0000-00-00', 145000, NULL, ''),
(4344, 72, NULL, '', '0000-00-00', 145000, NULL, ''),
(4345, 73, NULL, '', '0000-00-00', 145000, NULL, ''),
(4346, 74, NULL, '', '0000-00-00', 145000, NULL, ''),
(4347, 75, NULL, '', '0000-00-00', 145000, NULL, ''),
(4348, 76, NULL, '', '0000-00-00', 145000, NULL, ''),
(4349, 77, NULL, '', '0000-00-00', 145000, NULL, ''),
(4350, 78, NULL, '', '0000-00-00', 145000, NULL, ''),
(4351, 79, NULL, '', '0000-00-00', 145000, NULL, ''),
(4352, 80, NULL, '', '0000-00-00', 145000, NULL, ''),
(4353, 81, NULL, '', '0000-00-00', 145000, NULL, ''),
(4354, 82, NULL, '', '0000-00-00', 145000, NULL, ''),
(4355, 83, NULL, '', '0000-00-00', 145000, NULL, ''),
(4356, 84, NULL, '', '0000-00-00', 145000, NULL, ''),
(4357, 85, NULL, '', '0000-00-00', 145000, NULL, ''),
(4358, 86, NULL, '', '0000-00-00', 145000, NULL, ''),
(4359, 87, NULL, '', '0000-00-00', 145000, NULL, ''),
(4360, 88, NULL, '', '0000-00-00', 145000, NULL, ''),
(4361, 89, NULL, '', '0000-00-00', 145000, NULL, ''),
(4362, 1, 15712, '', '2025-02-13', NULL, 15000, '');
INSERT INTO `change_oil` (`oil_id`, `trck_id`, `change_oil_odo`, `k`, `date`, `column1`, `column2`, `status`) VALUES
(4363, 2, 10408, '', '2025-02-13', NULL, 15000, ''),
(4364, 3, NULL, '', '0000-00-00', NULL, 15000, ''),
(4365, 4, 14910, '', '2025-02-13', NULL, 15000, ''),
(4366, 5, 15603, '', '2025-02-13', NULL, 15000, ''),
(4367, 6, NULL, '', '0000-00-00', NULL, 15000, ''),
(4368, 7, NULL, '', '0000-00-00', NULL, 15000, ''),
(4369, 8, 12757, '', '2025-02-13', NULL, 15000, ''),
(4370, 9, NULL, '', '0000-00-00', NULL, 15000, ''),
(4371, 10, NULL, '', '0000-00-00', NULL, 15000, ''),
(4372, 11, 14497, '', '2025-02-13', NULL, 15000, ''),
(4373, 12, 9813, '', '2025-02-13', NULL, 15000, ''),
(4374, 13, 8116, '', '2025-02-13', NULL, 15000, ''),
(4375, 14, 14627, '', '2025-02-13', NULL, 15000, ''),
(4376, 15, NULL, '', '0000-00-00', NULL, 15000, ''),
(4377, 16, NULL, '', '0000-00-00', NULL, 15000, ''),
(4378, 17, NULL, '', '0000-00-00', NULL, 15000, ''),
(4379, 18, NULL, '', '0000-00-00', NULL, 15000, ''),
(4380, 19, NULL, '', '0000-00-00', NULL, 15000, ''),
(4381, 20, NULL, '', '0000-00-00', NULL, 15000, ''),
(4382, 21, NULL, '', '0000-00-00', NULL, 15000, ''),
(4383, 22, NULL, '', '0000-00-00', NULL, 15000, ''),
(4384, 23, NULL, '', '0000-00-00', NULL, 15000, ''),
(4385, 24, NULL, '', '0000-00-00', NULL, 15000, ''),
(4386, 25, NULL, '', '0000-00-00', NULL, 15000, ''),
(4387, 26, NULL, '', '0000-00-00', NULL, 15000, ''),
(4388, 27, NULL, '', '0000-00-00', NULL, 15000, ''),
(4389, 28, NULL, '', '0000-00-00', NULL, 15000, ''),
(4390, 29, NULL, '', '0000-00-00', NULL, 15000, ''),
(4391, 30, NULL, '', '0000-00-00', NULL, 15000, ''),
(4392, 31, NULL, '', '0000-00-00', NULL, 15000, ''),
(4393, 32, NULL, '', '0000-00-00', NULL, 15000, ''),
(4394, 33, NULL, '', '0000-00-00', NULL, 15000, ''),
(4395, 34, NULL, '', '0000-00-00', NULL, 15000, ''),
(4396, 35, NULL, '', '0000-00-00', NULL, 15000, ''),
(4397, 36, NULL, '', '0000-00-00', NULL, 15000, ''),
(4398, 37, NULL, '', '0000-00-00', NULL, 15000, ''),
(4399, 38, NULL, '', '0000-00-00', NULL, 15000, ''),
(4400, 39, NULL, '', '0000-00-00', NULL, 15000, ''),
(4401, 40, NULL, '', '0000-00-00', NULL, 15000, ''),
(4402, 41, NULL, '', '0000-00-00', NULL, 15000, ''),
(4403, 42, NULL, '', '0000-00-00', NULL, 15000, ''),
(4404, 43, NULL, '', '0000-00-00', NULL, 15000, ''),
(4405, 44, NULL, '', '0000-00-00', NULL, 15000, ''),
(4406, 45, NULL, '', '0000-00-00', NULL, 15000, ''),
(4407, 46, NULL, '', '0000-00-00', NULL, 15000, ''),
(4408, 47, NULL, '', '0000-00-00', NULL, 15000, ''),
(4409, 48, NULL, '', '0000-00-00', NULL, 15000, ''),
(4410, 49, NULL, '', '0000-00-00', NULL, 15000, ''),
(4411, 50, NULL, '', '0000-00-00', NULL, 15000, ''),
(4412, 51, NULL, '', '0000-00-00', NULL, 15000, ''),
(4413, 52, NULL, '', '0000-00-00', NULL, 15000, ''),
(4414, 53, NULL, '', '0000-00-00', NULL, 15000, ''),
(4415, 54, NULL, '', '0000-00-00', NULL, 15000, ''),
(4416, 55, NULL, '', '0000-00-00', NULL, 15000, ''),
(4417, 56, NULL, '', '0000-00-00', NULL, 15000, ''),
(4418, 57, NULL, '', '0000-00-00', NULL, 15000, ''),
(4419, 58, NULL, '', '0000-00-00', NULL, 15000, ''),
(4420, 59, NULL, '', '0000-00-00', NULL, 15000, ''),
(4421, 60, NULL, '', '0000-00-00', NULL, 15000, ''),
(4422, 61, NULL, '', '0000-00-00', NULL, 15000, ''),
(4423, 62, NULL, '', '0000-00-00', NULL, 15000, ''),
(4424, 63, NULL, '', '0000-00-00', NULL, 15000, ''),
(4425, 64, NULL, '', '0000-00-00', NULL, 15000, ''),
(4426, 65, NULL, '', '0000-00-00', NULL, 15000, ''),
(4427, 66, NULL, '', '0000-00-00', NULL, 15000, ''),
(4428, 67, NULL, '', '0000-00-00', NULL, 15000, ''),
(4429, 68, NULL, '', '0000-00-00', NULL, 15000, ''),
(4430, 69, NULL, '', '0000-00-00', NULL, 15000, ''),
(4431, 70, NULL, '', '0000-00-00', NULL, 15000, ''),
(4432, 71, NULL, '', '0000-00-00', NULL, 15000, ''),
(4433, 72, NULL, '', '0000-00-00', NULL, 15000, ''),
(4434, 73, NULL, '', '0000-00-00', NULL, 15000, ''),
(4435, 74, NULL, '', '0000-00-00', NULL, 15000, ''),
(4436, 75, NULL, '', '0000-00-00', NULL, 15000, ''),
(4437, 76, NULL, '', '0000-00-00', NULL, 15000, ''),
(4438, 77, NULL, '', '0000-00-00', NULL, 15000, ''),
(4439, 78, NULL, '', '0000-00-00', NULL, 15000, ''),
(4440, 79, NULL, '', '0000-00-00', NULL, 15000, ''),
(4441, 80, NULL, '', '0000-00-00', NULL, 15000, ''),
(4442, 81, 14341, '', '2025-02-13', NULL, 15000, ''),
(4443, 82, 13867, '', '2025-02-13', NULL, 15000, ''),
(4444, 83, 13867, '', '2025-02-13', NULL, 15000, ''),
(4445, 84, 11631, '', '2025-02-13', NULL, 15000, ''),
(4446, 85, NULL, '', '0000-00-00', NULL, 15000, ''),
(4447, 86, 12016, '', '2025-02-13', NULL, 15000, ''),
(4448, 87, 10005, '', '2025-02-13', NULL, 15000, ''),
(4449, 88, NULL, '', '0000-00-00', NULL, 15000, ''),
(4450, 89, 11631, '', '2025-02-13', NULL, 15000, ''),
(4451, 1, NULL, '', '0000-00-00', NULL, 25000, ''),
(4452, 2, NULL, '', '0000-00-00', NULL, 25000, ''),
(4453, 3, NULL, '', '0000-00-00', NULL, 25000, ''),
(4454, 4, NULL, '', '0000-00-00', NULL, 25000, ''),
(4455, 5, NULL, '', '0000-00-00', NULL, 25000, ''),
(4456, 6, NULL, '', '0000-00-00', NULL, 25000, ''),
(4457, 7, 19578, '', '2025-02-13', NULL, 25000, ''),
(4458, 8, NULL, '', '0000-00-00', NULL, 25000, ''),
(4459, 9, NULL, '', '0000-00-00', NULL, 25000, ''),
(4460, 10, NULL, '', '0000-00-00', NULL, 25000, ''),
(4461, 11, NULL, '', '0000-00-00', NULL, 25000, ''),
(4462, 12, NULL, '', '0000-00-00', NULL, 25000, ''),
(4463, 13, NULL, '', '0000-00-00', NULL, 25000, ''),
(4464, 14, NULL, '', '0000-00-00', NULL, 25000, ''),
(4465, 15, NULL, '', '0000-00-00', NULL, 25000, ''),
(4466, 16, NULL, '', '0000-00-00', NULL, 25000, ''),
(4467, 17, NULL, '', '0000-00-00', NULL, 25000, ''),
(4468, 18, NULL, '', '0000-00-00', NULL, 25000, ''),
(4469, 19, NULL, '', '0000-00-00', NULL, 25000, ''),
(4470, 20, NULL, '', '0000-00-00', NULL, 25000, ''),
(4471, 21, NULL, '', '0000-00-00', NULL, 25000, ''),
(4472, 22, NULL, '', '0000-00-00', NULL, 25000, ''),
(4473, 23, NULL, '', '0000-00-00', NULL, 25000, ''),
(4474, 24, NULL, '', '0000-00-00', NULL, 25000, ''),
(4475, 25, NULL, '', '0000-00-00', NULL, 25000, ''),
(4476, 26, NULL, '', '0000-00-00', NULL, 25000, ''),
(4477, 27, NULL, '', '0000-00-00', NULL, 25000, ''),
(4478, 28, NULL, '', '0000-00-00', NULL, 25000, ''),
(4479, 29, NULL, '', '0000-00-00', NULL, 25000, ''),
(4480, 30, NULL, '', '0000-00-00', NULL, 25000, ''),
(4481, 31, NULL, '', '0000-00-00', NULL, 25000, ''),
(4482, 32, NULL, '', '0000-00-00', NULL, 25000, ''),
(4483, 33, NULL, '', '0000-00-00', NULL, 25000, ''),
(4484, 34, NULL, '', '0000-00-00', NULL, 25000, ''),
(4485, 35, NULL, '', '0000-00-00', NULL, 25000, ''),
(4486, 36, NULL, '', '0000-00-00', NULL, 25000, ''),
(4487, 37, NULL, '', '0000-00-00', NULL, 25000, ''),
(4488, 38, NULL, '', '0000-00-00', NULL, 25000, ''),
(4489, 39, NULL, '', '0000-00-00', NULL, 25000, ''),
(4490, 40, NULL, '', '0000-00-00', NULL, 25000, ''),
(4491, 41, NULL, '', '0000-00-00', NULL, 25000, ''),
(4492, 42, NULL, '', '0000-00-00', NULL, 25000, ''),
(4493, 43, NULL, '', '0000-00-00', NULL, 25000, ''),
(4494, 44, NULL, '', '0000-00-00', NULL, 25000, ''),
(4495, 45, NULL, '', '0000-00-00', NULL, 25000, ''),
(4496, 46, NULL, '', '0000-00-00', NULL, 25000, ''),
(4497, 47, NULL, '', '0000-00-00', NULL, 25000, ''),
(4498, 48, NULL, '', '0000-00-00', NULL, 25000, ''),
(4499, 49, NULL, '', '0000-00-00', NULL, 25000, ''),
(4500, 50, NULL, '', '0000-00-00', NULL, 25000, ''),
(4501, 51, NULL, '', '0000-00-00', NULL, 25000, ''),
(4502, 52, NULL, '', '0000-00-00', NULL, 25000, ''),
(4503, 53, NULL, '', '0000-00-00', NULL, 25000, ''),
(4504, 54, NULL, '', '0000-00-00', NULL, 25000, ''),
(4505, 55, NULL, '', '0000-00-00', NULL, 25000, ''),
(4506, 56, NULL, '', '0000-00-00', NULL, 25000, ''),
(4507, 57, NULL, '', '0000-00-00', NULL, 25000, ''),
(4508, 58, NULL, '', '0000-00-00', NULL, 25000, ''),
(4509, 59, NULL, '', '0000-00-00', NULL, 25000, ''),
(4510, 60, NULL, '', '0000-00-00', NULL, 25000, ''),
(4511, 61, NULL, '', '0000-00-00', NULL, 25000, ''),
(4512, 62, NULL, '', '0000-00-00', NULL, 25000, ''),
(4513, 63, NULL, '', '0000-00-00', NULL, 25000, ''),
(4514, 64, NULL, '', '0000-00-00', NULL, 25000, ''),
(4515, 65, NULL, '', '0000-00-00', NULL, 25000, ''),
(4516, 66, NULL, '', '0000-00-00', NULL, 25000, ''),
(4517, 67, NULL, '', '0000-00-00', NULL, 25000, ''),
(4518, 68, NULL, '', '0000-00-00', NULL, 25000, ''),
(4519, 69, NULL, '', '0000-00-00', NULL, 25000, ''),
(4520, 70, NULL, '', '0000-00-00', NULL, 25000, ''),
(4521, 71, NULL, '', '0000-00-00', NULL, 25000, ''),
(4522, 72, NULL, '', '0000-00-00', NULL, 25000, ''),
(4523, 73, NULL, '', '0000-00-00', NULL, 25000, ''),
(4524, 74, NULL, '', '0000-00-00', NULL, 25000, ''),
(4525, 75, NULL, '', '0000-00-00', NULL, 25000, ''),
(4526, 76, NULL, '', '0000-00-00', NULL, 25000, ''),
(4527, 77, NULL, '', '0000-00-00', NULL, 25000, ''),
(4528, 78, NULL, '', '0000-00-00', NULL, 25000, ''),
(4529, 79, NULL, '', '0000-00-00', NULL, 25000, ''),
(4530, 80, NULL, '', '0000-00-00', NULL, 25000, ''),
(4531, 81, NULL, '', '0000-00-00', NULL, 25000, ''),
(4532, 82, NULL, '', '0000-00-00', NULL, 25000, ''),
(4533, 83, NULL, '', '0000-00-00', NULL, 25000, ''),
(4534, 84, NULL, '', '0000-00-00', NULL, 25000, ''),
(4535, 85, NULL, '', '0000-00-00', NULL, 25000, ''),
(4536, 86, NULL, '', '0000-00-00', NULL, 25000, ''),
(4537, 87, NULL, '', '0000-00-00', NULL, 25000, ''),
(4538, 88, NULL, '', '0000-00-00', NULL, 25000, ''),
(4539, 89, NULL, '', '0000-00-00', NULL, 25000, ''),
(4540, 1, NULL, '', '0000-00-00', NULL, 35000, ''),
(4541, 2, NULL, '', '0000-00-00', NULL, 35000, ''),
(4542, 3, NULL, '', '0000-00-00', NULL, 35000, ''),
(4543, 4, NULL, '', '0000-00-00', NULL, 35000, ''),
(4544, 5, NULL, '', '0000-00-00', NULL, 35000, ''),
(4545, 6, NULL, '', '0000-00-00', NULL, 35000, ''),
(4546, 7, NULL, '', '0000-00-00', NULL, 35000, ''),
(4547, 8, NULL, '', '0000-00-00', NULL, 35000, ''),
(4548, 9, NULL, '', '0000-00-00', NULL, 35000, ''),
(4549, 10, NULL, '', '0000-00-00', NULL, 35000, ''),
(4550, 11, NULL, '', '0000-00-00', NULL, 35000, ''),
(4551, 12, NULL, '', '0000-00-00', NULL, 35000, ''),
(4552, 13, NULL, '', '0000-00-00', NULL, 35000, ''),
(4553, 14, NULL, '', '0000-00-00', NULL, 35000, ''),
(4554, 15, NULL, '', '0000-00-00', NULL, 35000, ''),
(4555, 16, NULL, '', '0000-00-00', NULL, 35000, ''),
(4556, 17, NULL, '', '0000-00-00', NULL, 35000, ''),
(4557, 18, NULL, '', '0000-00-00', NULL, 35000, ''),
(4558, 19, NULL, '', '0000-00-00', NULL, 35000, ''),
(4559, 20, NULL, '', '0000-00-00', NULL, 35000, ''),
(4560, 21, NULL, '', '0000-00-00', NULL, 35000, ''),
(4561, 22, NULL, '', '0000-00-00', NULL, 35000, ''),
(4562, 23, NULL, '', '0000-00-00', NULL, 35000, ''),
(4563, 24, NULL, '', '0000-00-00', NULL, 35000, ''),
(4564, 25, NULL, '', '0000-00-00', NULL, 35000, ''),
(4565, 26, NULL, '', '0000-00-00', NULL, 35000, ''),
(4566, 27, NULL, '', '0000-00-00', NULL, 35000, ''),
(4567, 28, NULL, '', '0000-00-00', NULL, 35000, ''),
(4568, 29, NULL, '', '0000-00-00', NULL, 35000, ''),
(4569, 30, NULL, '', '0000-00-00', NULL, 35000, ''),
(4570, 31, NULL, '', '0000-00-00', NULL, 35000, ''),
(4571, 32, NULL, '', '0000-00-00', NULL, 35000, ''),
(4572, 33, NULL, '', '0000-00-00', NULL, 35000, ''),
(4573, 34, NULL, '', '0000-00-00', NULL, 35000, ''),
(4574, 35, NULL, '', '0000-00-00', NULL, 35000, ''),
(4575, 36, NULL, '', '0000-00-00', NULL, 35000, ''),
(4576, 37, NULL, '', '0000-00-00', NULL, 35000, ''),
(4577, 38, NULL, '', '0000-00-00', NULL, 35000, ''),
(4578, 39, NULL, '', '0000-00-00', NULL, 35000, ''),
(4579, 40, NULL, '', '0000-00-00', NULL, 35000, ''),
(4580, 41, NULL, '', '0000-00-00', NULL, 35000, ''),
(4581, 42, NULL, '', '0000-00-00', NULL, 35000, ''),
(4582, 43, NULL, '', '0000-00-00', NULL, 35000, ''),
(4583, 44, NULL, '', '0000-00-00', NULL, 35000, ''),
(4584, 45, NULL, '', '0000-00-00', NULL, 35000, ''),
(4585, 46, NULL, '', '0000-00-00', NULL, 35000, ''),
(4586, 47, NULL, '', '0000-00-00', NULL, 35000, ''),
(4587, 48, NULL, '', '0000-00-00', NULL, 35000, ''),
(4588, 49, NULL, '', '0000-00-00', NULL, 35000, ''),
(4589, 50, NULL, '', '0000-00-00', NULL, 35000, ''),
(4590, 51, NULL, '', '0000-00-00', NULL, 35000, ''),
(4591, 52, NULL, '', '0000-00-00', NULL, 35000, ''),
(4592, 53, NULL, '', '0000-00-00', NULL, 35000, ''),
(4593, 54, NULL, '', '0000-00-00', NULL, 35000, ''),
(4594, 55, NULL, '', '0000-00-00', NULL, 35000, ''),
(4595, 56, NULL, '', '0000-00-00', NULL, 35000, ''),
(4596, 57, NULL, '', '0000-00-00', NULL, 35000, ''),
(4597, 58, NULL, '', '0000-00-00', NULL, 35000, ''),
(4598, 59, NULL, '', '0000-00-00', NULL, 35000, ''),
(4599, 60, NULL, '', '0000-00-00', NULL, 35000, ''),
(4600, 61, NULL, '', '0000-00-00', NULL, 35000, ''),
(4601, 62, NULL, '', '0000-00-00', NULL, 35000, ''),
(4602, 63, NULL, '', '0000-00-00', NULL, 35000, ''),
(4603, 64, NULL, '', '0000-00-00', NULL, 35000, ''),
(4604, 65, NULL, '', '0000-00-00', NULL, 35000, ''),
(4605, 66, NULL, '', '0000-00-00', NULL, 35000, ''),
(4606, 67, NULL, '', '0000-00-00', NULL, 35000, ''),
(4607, 68, NULL, '', '0000-00-00', NULL, 35000, ''),
(4608, 69, NULL, '', '0000-00-00', NULL, 35000, ''),
(4609, 70, NULL, '', '0000-00-00', NULL, 35000, ''),
(4610, 71, NULL, '', '0000-00-00', NULL, 35000, ''),
(4611, 72, NULL, '', '0000-00-00', NULL, 35000, ''),
(4612, 73, NULL, '', '0000-00-00', NULL, 35000, ''),
(4613, 74, NULL, '', '0000-00-00', NULL, 35000, ''),
(4614, 75, NULL, '', '0000-00-00', NULL, 35000, ''),
(4615, 76, NULL, '', '0000-00-00', NULL, 35000, ''),
(4616, 77, NULL, '', '0000-00-00', NULL, 35000, ''),
(4617, 78, NULL, '', '0000-00-00', NULL, 35000, ''),
(4618, 79, NULL, '', '0000-00-00', NULL, 35000, ''),
(4619, 80, NULL, '', '0000-00-00', NULL, 35000, ''),
(4620, 81, NULL, '', '0000-00-00', NULL, 35000, ''),
(4621, 82, NULL, '', '0000-00-00', NULL, 35000, ''),
(4622, 83, NULL, '', '0000-00-00', NULL, 35000, ''),
(4623, 84, NULL, '', '0000-00-00', NULL, 35000, ''),
(4624, 85, NULL, '', '0000-00-00', NULL, 35000, ''),
(4625, 86, NULL, '', '0000-00-00', NULL, 35000, ''),
(4626, 87, NULL, '', '0000-00-00', NULL, 35000, ''),
(4627, 88, NULL, '', '0000-00-00', NULL, 35000, ''),
(4628, 89, NULL, '', '0000-00-00', NULL, 35000, ''),
(4629, 1, NULL, '', '0000-00-00', NULL, 75000, ''),
(4630, 2, NULL, '', '0000-00-00', NULL, 75000, ''),
(4631, 3, NULL, '', '0000-00-00', NULL, 75000, ''),
(4632, 4, NULL, '', '0000-00-00', NULL, 75000, ''),
(4633, 5, NULL, '', '0000-00-00', NULL, 75000, ''),
(4634, 6, NULL, '', '0000-00-00', NULL, 75000, ''),
(4635, 7, NULL, '', '0000-00-00', NULL, 75000, ''),
(4636, 8, NULL, '', '0000-00-00', NULL, 75000, ''),
(4637, 9, NULL, '', '0000-00-00', NULL, 75000, ''),
(4638, 10, NULL, '', '0000-00-00', NULL, 75000, ''),
(4639, 11, NULL, '', '0000-00-00', NULL, 75000, ''),
(4640, 12, NULL, '', '0000-00-00', NULL, 75000, ''),
(4641, 13, NULL, '', '0000-00-00', NULL, 75000, ''),
(4642, 14, NULL, '', '0000-00-00', NULL, 75000, ''),
(4643, 15, NULL, '', '0000-00-00', NULL, 75000, ''),
(4644, 16, NULL, '', '0000-00-00', NULL, 75000, ''),
(4645, 17, NULL, '', '0000-00-00', NULL, 75000, ''),
(4646, 18, NULL, '', '0000-00-00', NULL, 75000, ''),
(4647, 19, NULL, '', '0000-00-00', NULL, 75000, ''),
(4648, 20, NULL, '', '0000-00-00', NULL, 75000, ''),
(4649, 21, NULL, '', '0000-00-00', NULL, 75000, ''),
(4650, 22, NULL, '', '0000-00-00', NULL, 75000, ''),
(4651, 23, NULL, '', '0000-00-00', NULL, 75000, ''),
(4652, 24, NULL, '', '0000-00-00', NULL, 75000, ''),
(4653, 25, NULL, '', '0000-00-00', NULL, 75000, ''),
(4654, 26, NULL, '', '0000-00-00', NULL, 75000, ''),
(4655, 27, NULL, '', '0000-00-00', NULL, 75000, ''),
(4656, 28, NULL, '', '0000-00-00', NULL, 75000, ''),
(4657, 29, NULL, '', '0000-00-00', NULL, 75000, ''),
(4658, 30, NULL, '', '0000-00-00', NULL, 75000, ''),
(4659, 31, NULL, '', '0000-00-00', NULL, 75000, ''),
(4660, 32, NULL, '', '0000-00-00', NULL, 75000, ''),
(4661, 33, NULL, '', '0000-00-00', NULL, 75000, ''),
(4662, 34, NULL, '', '0000-00-00', NULL, 75000, ''),
(4663, 35, NULL, '', '0000-00-00', NULL, 75000, ''),
(4664, 36, NULL, '', '0000-00-00', NULL, 75000, ''),
(4665, 37, NULL, '', '0000-00-00', NULL, 75000, ''),
(4666, 38, NULL, '', '0000-00-00', NULL, 75000, ''),
(4667, 39, NULL, '', '0000-00-00', NULL, 75000, ''),
(4668, 40, NULL, '', '0000-00-00', NULL, 75000, ''),
(4669, 41, NULL, '', '0000-00-00', NULL, 75000, ''),
(4670, 42, NULL, '', '0000-00-00', NULL, 75000, ''),
(4671, 43, NULL, '', '0000-00-00', NULL, 75000, ''),
(4672, 44, NULL, '', '0000-00-00', NULL, 75000, ''),
(4673, 45, NULL, '', '0000-00-00', NULL, 75000, ''),
(4674, 46, NULL, '', '0000-00-00', NULL, 75000, ''),
(4675, 47, NULL, '', '0000-00-00', NULL, 75000, ''),
(4676, 48, NULL, '', '0000-00-00', NULL, 75000, ''),
(4677, 49, NULL, '', '0000-00-00', NULL, 75000, ''),
(4678, 50, NULL, '', '0000-00-00', NULL, 75000, ''),
(4679, 51, NULL, '', '0000-00-00', NULL, 75000, ''),
(4680, 52, NULL, '', '0000-00-00', NULL, 75000, ''),
(4681, 53, NULL, '', '0000-00-00', NULL, 75000, ''),
(4682, 54, NULL, '', '0000-00-00', NULL, 75000, ''),
(4683, 55, NULL, '', '0000-00-00', NULL, 75000, ''),
(4684, 56, NULL, '', '0000-00-00', NULL, 75000, ''),
(4685, 57, NULL, '', '0000-00-00', NULL, 75000, ''),
(4686, 58, NULL, '', '0000-00-00', NULL, 75000, ''),
(4687, 59, NULL, '', '0000-00-00', NULL, 75000, ''),
(4688, 60, NULL, '', '0000-00-00', NULL, 75000, ''),
(4689, 61, NULL, '', '0000-00-00', NULL, 75000, ''),
(4690, 62, NULL, '', '0000-00-00', NULL, 75000, ''),
(4691, 63, NULL, '', '0000-00-00', NULL, 75000, ''),
(4692, 64, NULL, '', '0000-00-00', NULL, 75000, ''),
(4693, 65, NULL, '', '0000-00-00', NULL, 75000, ''),
(4694, 66, NULL, '', '0000-00-00', NULL, 75000, ''),
(4695, 67, NULL, '', '0000-00-00', NULL, 75000, ''),
(4696, 68, NULL, '', '0000-00-00', NULL, 75000, ''),
(4697, 69, NULL, '', '0000-00-00', NULL, 75000, ''),
(4698, 70, NULL, '', '0000-00-00', NULL, 75000, ''),
(4699, 71, NULL, '', '0000-00-00', NULL, 75000, ''),
(4700, 72, NULL, '', '0000-00-00', NULL, 75000, ''),
(4701, 73, NULL, '', '0000-00-00', NULL, 75000, ''),
(4702, 74, NULL, '', '0000-00-00', NULL, 75000, ''),
(4703, 75, NULL, '', '0000-00-00', NULL, 75000, ''),
(4704, 76, NULL, '', '0000-00-00', NULL, 75000, ''),
(4705, 77, NULL, '', '0000-00-00', NULL, 75000, ''),
(4706, 78, NULL, '', '0000-00-00', NULL, 75000, ''),
(4707, 79, NULL, '', '0000-00-00', NULL, 75000, ''),
(4708, 80, NULL, '', '0000-00-00', NULL, 75000, ''),
(4709, 81, NULL, '', '0000-00-00', NULL, 75000, ''),
(4710, 82, NULL, '', '0000-00-00', NULL, 75000, ''),
(4711, 83, NULL, '', '0000-00-00', NULL, 75000, ''),
(4712, 84, NULL, '', '0000-00-00', NULL, 75000, ''),
(4713, 85, NULL, '', '0000-00-00', NULL, 75000, ''),
(4714, 86, NULL, '', '0000-00-00', NULL, 75000, ''),
(4715, 87, NULL, '', '0000-00-00', NULL, 75000, ''),
(4716, 88, NULL, '', '0000-00-00', NULL, 75000, ''),
(4717, 89, NULL, '', '0000-00-00', NULL, 75000, '');

-- --------------------------------------------------------

--
-- Table structure for table `driver`
--

CREATE TABLE `driver` (
  `drvr_id` int(11) NOT NULL,
  `fname` varchar(255) NOT NULL,
  `lname` varchar(255) NOT NULL,
  `birthday` date NOT NULL,
  `password` varchar(255) NOT NULL
) ENGINE=InnoDB DEFAULT CHARSET=utf8mb4 COLLATE=utf8mb4_general_ci;

-- --------------------------------------------------------

--
-- Table structure for table `odometer`
--

CREATE TABLE `odometer` (
  `odo_id` int(11) NOT NULL,
  `trck_id` int(11) DEFAULT NULL,
  `alert_id` int(11) DEFAULT NULL,
  `odometer` int(11) NOT NULL,
  `week_no` int(11) NOT NULL,
  `status` enum('Done','Pending') NOT NULL,
  `record_date` date DEFAULT NULL
) ENGINE=InnoDB DEFAULT CHARSET=utf8mb4 COLLATE=utf8mb4_general_ci;

--
-- Dumping data for table `odometer`
--

INSERT INTO `odometer` (`odo_id`, `trck_id`, `alert_id`, `odometer`, `week_no`, `status`, `record_date`) VALUES
(233, NULL, NULL, 0, 4, 'Done', NULL),
(234, 21, NULL, 80579, 4, 'Done', '2025-02-13'),
(235, 22, NULL, 98300, 4, 'Done', '2025-02-13'),
(236, 23, NULL, 88787, 4, 'Done', '2025-02-13'),
(237, 24, NULL, 97001, 4, 'Done', '2025-02-13'),
(238, 25, NULL, 79079, 4, 'Done', '2025-02-13'),
(239, 26, NULL, 85422, 4, 'Done', '2025-02-13'),
(240, 27, NULL, 74200, 4, 'Done', '2025-02-13'),
(241, 28, NULL, 48987, 4, 'Done', '2025-02-13'),
(242, 29, NULL, 49550, 4, 'Done', '2025-02-13'),
(243, 30, NULL, 51217, 4, 'Done', '2025-02-13'),
(244, 34, NULL, 58666, 4, 'Done', '2025-02-13'),
(245, 33, NULL, 52939, 4, 'Done', '2025-02-13'),
(246, 31, NULL, 44661, 4, 'Done', '2025-02-13'),
(247, 32, NULL, 51217, 4, 'Done', '2025-02-13'),
(248, 35, NULL, 40832, 4, 'Done', '2025-02-13'),
(249, 38, NULL, 40328, 4, 'Done', '2025-02-13'),
(250, 39, NULL, 44527, 4, 'Done', '2025-02-13'),
(251, 36, NULL, 37809, 4, 'Done', '2025-02-13'),
(252, 37, NULL, 43943, 4, 'Done', '2025-02-13'),
(253, 40, NULL, 43556, 4, 'Done', '2025-02-13'),
(254, 44, NULL, 21449, 4, 'Done', '2025-02-13'),
(255, 43, NULL, 21398, 4, 'Done', '2025-02-13'),
(256, 42, NULL, 26843, 4, 'Done', '2025-02-13'),
(257, 45, NULL, 19792, 4, 'Done', '2025-02-13'),
(258, 41, NULL, 23715, 4, 'Done', '2025-02-13'),
(259, 46, NULL, 14815, 4, 'Done', '2025-02-13'),
(260, 47, NULL, 18538, 4, 'Done', '2025-02-13'),
(261, 48, NULL, 14806, 4, 'Done', '2025-02-13'),
(262, 49, NULL, 21153, 4, 'Done', '2025-02-13'),
(263, 50, NULL, 13461, 4, 'Done', '2025-02-13'),
(264, 51, NULL, 22814, 4, 'Done', '2025-02-13'),
(265, 52, NULL, 19219, 4, 'Done', '2025-02-13'),
(266, 53, NULL, 14778, 4, 'Done', '2025-02-13'),
(267, 54, NULL, 15589, 4, 'Done', '2025-02-13'),
(268, 55, NULL, 16188, 4, 'Done', '2025-02-13'),
(269, 56, NULL, 21816, 4, 'Done', '2025-02-13'),
(270, 57, NULL, 19675, 4, 'Done', '2025-02-13'),
(271, 1, NULL, 16143, 4, 'Done', '2025-02-13'),
(272, 2, NULL, 10408, 4, 'Done', '2025-02-13'),
(273, 3, NULL, 14212, 4, 'Done', '2025-02-13'),
(274, 4, NULL, 13031, 4, 'Done', '2025-02-13'),
(275, 5, NULL, 13611, 4, 'Done', '2025-02-13'),
(276, 6, NULL, 14783, 4, 'Done', '2025-02-13'),
(277, 7, NULL, 17127, 4, 'Done', '2025-02-13'),
(278, 8, NULL, 15113, 4, 'Done', '2025-02-13'),
(279, 9, NULL, 10587, 4, 'Done', '2025-02-13'),
(280, 10, NULL, 15468, 4, 'Done', '2025-02-13'),
(281, 11, NULL, 12354, 4, 'Done', '2025-02-13'),
(282, 12, NULL, 8146, 4, 'Done', '2025-02-13'),
(283, 13, NULL, 8575, 4, 'Done', '2025-02-13'),
(284, 14, NULL, 10443, 4, 'Done', '2025-02-13'),
(285, 15, NULL, 1753, 4, 'Done', '2025-02-13'),
(286, 16, NULL, 323, 4, 'Done', '2025-02-13'),
(287, 17, NULL, 3077, 4, 'Done', '2025-02-13'),
(288, 18, NULL, 1591, 4, 'Done', '2025-02-13'),
(289, 19, NULL, 1203, 4, 'Done', '2025-02-13'),
(290, 20, NULL, 1815, 4, 'Done', '2025-02-13'),
(291, 68, NULL, 9380, 4, 'Done', '2025-02-13'),
(292, 69, NULL, 7252, 4, 'Done', '2025-02-13'),
(293, 70, NULL, 6752, 4, 'Done', '2025-02-13'),
(294, 71, NULL, 6965, 4, 'Done', '2025-02-13'),
(295, 72, NULL, 7639, 4, 'Done', '2025-02-13'),
(296, 73, NULL, 7520, 4, 'Done', '2025-02-13'),
(297, 74, NULL, 9146, 4, 'Done', '2025-02-13'),
(298, 75, NULL, 10513, 4, 'Done', '2025-02-13'),
(299, 76, NULL, 6469, 4, 'Done', '2025-02-13'),
(300, 77, NULL, 9094, 4, 'Done', '2025-02-13'),
(301, 78, NULL, 10473, 4, 'Done', '2025-02-13'),
(302, 80, NULL, 6088, 4, 'Done', '2025-02-14'),
(303, 81, NULL, 13705, 4, 'Done', '2025-02-13'),
(304, 82, NULL, 12761, 4, 'Done', '2025-02-13'),
(305, 83, NULL, 12497, 4, 'Done', '2025-02-13'),
(306, 84, NULL, 14918, 4, 'Done', '2025-02-13'),
(307, 85, NULL, 9300, 4, 'Done', '2025-02-13'),
(308, 86, NULL, 10882, 4, 'Done', '2025-02-13'),
(309, 87, NULL, 9365, 4, 'Done', '2025-02-13'),
(310, 88, NULL, 7849, 4, 'Done', '2025-02-13'),
(311, 89, NULL, 9222, 4, 'Done', '2025-02-13'),
(312, NULL, NULL, 0, 5, 'Done', NULL),
(313, 21, NULL, 80579, 5, 'Done', '2025-02-13'),
(314, 22, NULL, 98300, 5, 'Done', '2025-02-13'),
(315, 23, NULL, 89296, 5, 'Done', '2025-02-13'),
(316, 24, NULL, 99570, 5, 'Done', '2025-02-13'),
(317, 25, NULL, 79526, 5, 'Done', '2025-02-13'),
(318, 26, NULL, 88100, 5, 'Done', '2025-02-13'),
(319, 27, NULL, 74218, 5, 'Done', '2025-02-13'),
(320, 28, NULL, 49332, 5, 'Done', '2025-02-13'),
(321, 29, NULL, 49734, 5, 'Done', '2025-02-13'),
(322, 34, NULL, 58666, 5, 'Done', '2025-02-13'),
(323, 33, NULL, 53807, 5, 'Done', '2025-02-13'),
(324, 31, NULL, 45802, 5, 'Done', '2025-02-13'),
(325, 32, NULL, 52039, 5, 'Done', '2025-02-13'),
(326, 35, NULL, 41652, 5, 'Done', '2025-02-13'),
(327, 38, NULL, 40992, 5, 'Done', '2025-02-13'),
(328, 39, NULL, 45415, 5, 'Done', '2025-02-13'),
(329, 36, NULL, 39282, 5, 'Done', '2025-02-13'),
(330, 37, NULL, 44265, 5, 'Done', '2025-02-13'),
(331, 40, NULL, 44577, 5, 'Done', '2025-02-13'),
(332, 44, NULL, 21666, 5, 'Done', '2025-02-13'),
(333, 43, NULL, 22065, 5, 'Done', '2025-02-13'),
(334, 42, NULL, 27033, 5, 'Done', '2025-02-13'),
(335, 45, NULL, 22143, 5, 'Done', '2025-02-13'),
(336, 41, NULL, 24071, 5, 'Done', '2025-02-13'),
(337, 46, NULL, 15288, 5, 'Done', '2025-02-13'),
(338, 48, NULL, 18538, 5, 'Done', '2025-02-13'),
(339, 49, NULL, 21697, 5, 'Done', '2025-02-13'),
(340, 50, NULL, 13808, 5, 'Done', '2025-02-13'),
(341, 51, NULL, 22814, 5, 'Done', '2025-02-13'),
(342, 52, NULL, 19581, 5, 'Done', '2025-02-13'),
(343, 53, NULL, 15097, 5, 'Done', '2025-02-13'),
(344, 54, NULL, 16279, 5, 'Done', '2025-02-13'),
(345, 55, NULL, 16588, 5, 'Done', '2025-02-13'),
(346, 56, NULL, 21816, 5, 'Done', '2025-02-13'),
(347, 57, NULL, 20264, 5, 'Done', '2025-02-13'),
(348, 1, NULL, 19208, 5, 'Done', '2025-02-13'),
(349, 2, NULL, 10708, 5, 'Done', '2025-02-13'),
(350, 3, NULL, 18144, 5, 'Done', '2025-02-13'),
(351, 4, NULL, 14672, 5, 'Done', '2025-02-13'),
(352, 5, NULL, 15608, 5, 'Done', '2025-02-13'),
(353, 6, NULL, 18054, 5, 'Done', '2025-02-13'),
(354, 7, NULL, 19578, 5, 'Done', '2025-02-13'),
(355, 8, NULL, 17498, 5, 'Done', '2025-02-13'),
(356, 9, NULL, 12296, 5, 'Done', '2025-02-13'),
(357, 10, NULL, 17372, 5, 'Done', '2025-02-13'),
(358, 11, NULL, 13791, 5, 'Done', '2025-02-13'),
(359, 12, NULL, 9813, 5, 'Done', '2025-02-13'),
(360, 13, NULL, 11875, 5, 'Done', '2025-02-13'),
(361, 14, NULL, 14627, 5, 'Done', '2025-02-13'),
(362, 15, NULL, 4647, 5, 'Done', '2025-02-13'),
(363, 16, NULL, 5163, 5, 'Done', '2025-02-13'),
(364, 17, NULL, 4469, 5, 'Done', '2025-02-13'),
(365, 18, NULL, 4703, 5, 'Done', '2025-02-13'),
(366, 19, NULL, 4672, 5, 'Done', '2025-02-13'),
(367, 20, NULL, 4108, 5, 'Done', '2025-02-13'),
(368, 68, NULL, 9380, 5, 'Done', '2025-02-13'),
(369, 69, NULL, 9522, 5, 'Done', '2025-02-13'),
(370, 70, NULL, 8242, 5, 'Done', '2025-02-13'),
(371, 71, NULL, 9884, 5, 'Done', '2025-02-13'),
(372, 72, NULL, 7639, 5, 'Done', '2025-02-13'),
(373, 73, NULL, 9511, 5, 'Done', '2025-02-13'),
(374, 74, NULL, 10399, 5, 'Done', '2025-02-13'),
(375, 75, NULL, 11395, 5, 'Done', '2025-02-13'),
(376, 76, NULL, 9153, 5, 'Done', '2025-02-13'),
(377, 77, NULL, 10918, 5, 'Done', '2025-02-13'),
(378, 78, NULL, 10811, 5, 'Done', '2025-02-13'),
(379, 80, NULL, 6088, 5, 'Done', '2025-02-13'),
(380, 81, NULL, 14341, 5, 'Done', '2025-02-13'),
(381, 82, NULL, 13867, 5, 'Done', '2025-02-13'),
(382, 83, NULL, 13867, 5, 'Done', '2025-02-13'),
(383, 84, NULL, 15818, 5, 'Done', '2025-02-13'),
(384, 85, NULL, 9540, 5, 'Done', '2025-02-13'),
(385, 86, NULL, 12016, 5, 'Done', '2025-02-13'),
(386, 87, NULL, 10005, 5, 'Done', '2025-02-13'),
(387, 88, NULL, 8710, 5, 'Done', '2025-02-13'),
(388, 89, NULL, 11631, 5, 'Done', '2025-02-13'),
(389, NULL, NULL, 0, 6, 'Done', NULL),
(390, 1, NULL, 20000, 6, 'Done', '2025-03-29');

-- --------------------------------------------------------

--
-- Table structure for table `truck`
--

CREATE TABLE `truck` (
  `trck_id` int(11) NOT NULL,
  `drvr_id` int(11) DEFAULT NULL,
  `wheel_name` int(11) NOT NULL,
  `trck_plate` varchar(50) NOT NULL,
  `notification` varchar(255) DEFAULT NULL,
  `status` varchar(50) DEFAULT NULL
) ENGINE=InnoDB DEFAULT CHARSET=utf8mb4 COLLATE=utf8mb4_general_ci;

--
-- Dumping data for table `truck`
--

INSERT INTO `truck` (`trck_id`, `drvr_id`, `wheel_name`, `trck_plate`, `notification`, `status`) VALUES
(1, NULL, 1, 'NKI 4369', NULL, NULL),
(2, NULL, 1, 'NKI 4320', NULL, NULL),
(3, NULL, 1, 'NKI 3870', NULL, NULL),
(4, NULL, 1, 'NKI 4311', NULL, NULL),
(5, NULL, 1, 'NKI 4354', NULL, NULL),
(6, NULL, 1, 'NKI 4361', NULL, NULL),
(7, NULL, 1, 'NKI 4352', NULL, NULL),
(8, NULL, 1, 'NKJ 4988', NULL, NULL),
(9, NULL, 1, 'NKJ 4771', NULL, NULL),
(10, NULL, 1, 'NKJ 4586', NULL, NULL),
(11, NULL, 1, 'NKJ 4806', NULL, NULL),
(12, NULL, 1, 'NKJ 4535', NULL, NULL),
(13, NULL, 1, 'NKJ 4775', NULL, NULL),
(14, NULL, 1, 'NKJ 4592', NULL, NULL),
(15, NULL, 1, 'NHL 5829', NULL, NULL),
(16, NULL, 1, 'NHL 5814', NULL, NULL),
(17, NULL, 1, 'NHL 5827', NULL, NULL),
(18, NULL, 1, 'NHL 5830', NULL, NULL),
(19, NULL, 1, 'NHL 5819', NULL, NULL),
(20, NULL, 1, 'NHL 5820', NULL, NULL),
(21, NULL, 2, 'NGY 5004', NULL, NULL),
(22, NULL, 2, 'NGY 5095', NULL, NULL),
(23, NULL, 2, 'NGY 5096', NULL, NULL),
(24, NULL, 2, 'NGY 5097', NULL, NULL),
(25, NULL, 2, 'NGY 5098', NULL, NULL),
(26, NULL, 2, 'NGY 5101', NULL, NULL),
(27, NULL, 2, 'NGY 5102', NULL, NULL),
(28, NULL, 2, 'NEN 5556', NULL, NULL),
(29, NULL, 2, 'NEN 5557', NULL, NULL),
(30, NULL, 2, 'NEN 5559', NULL, NULL),
(31, NULL, 2, 'NEN 5666', NULL, NULL),
(32, NULL, 2, 'NEN 5999', NULL, NULL),
(33, NULL, 2, 'NEN 6499', NULL, NULL),
(34, NULL, 2, 'NEN 5899', NULL, NULL),
(35, NULL, 2, 'NEN 5799', NULL, NULL),
(36, NULL, 2, 'NGY 2799', NULL, NULL),
(37, NULL, 2, 'NGY 2800', NULL, NULL),
(38, NULL, 2, 'NGY 2699', NULL, NULL),
(39, NULL, 2, 'NGY 2700', NULL, NULL),
(40, NULL, 2, 'NGY 3099', NULL, NULL),
(41, NULL, 2, 'NGC 8463', NULL, NULL),
(42, NULL, 2, 'NGC 8382', NULL, NULL),
(43, NULL, 2, 'NGC 8375', NULL, NULL),
(44, NULL, 2, 'NGC 8374', NULL, NULL),
(45, NULL, 2, 'NGC 8384', NULL, NULL),
(46, NULL, 2, 'NFN 8257', NULL, NULL),
(47, NULL, 2, 'NFN 9384', NULL, NULL),
(48, NULL, 2, 'NFN 9385', NULL, NULL),
(49, NULL, 2, 'NFN 9386', NULL, NULL),
(50, NULL, 2, 'NFN 9387', NULL, NULL),
(51, NULL, 2, 'NFN 9394', NULL, NULL),
(52, NULL, 2, 'NFN 9396', NULL, NULL),
(53, NULL, 2, 'NFN 9395', NULL, NULL),
(54, NULL, 2, 'NFN 9404', NULL, NULL),
(55, NULL, 2, 'NFN 9397', NULL, NULL),
(56, NULL, 3, 'NFN 9417', NULL, NULL),
(57, NULL, 3, 'NFN 9416', NULL, NULL),
(58, NULL, 2, 'DBS 2071', NULL, NULL),
(59, NULL, 2, 'DBS 2111', NULL, NULL),
(60, NULL, 2, 'DBS 2131', NULL, NULL),
(61, NULL, 2, 'DBS 2070', NULL, NULL),
(62, NULL, 2, 'DBS 2110', NULL, NULL),
(63, NULL, 2, 'DBS 2140', NULL, NULL),
(64, NULL, 2, 'DBS 2091', NULL, NULL),
(65, NULL, 2, 'DBS 2130', NULL, NULL),
(66, NULL, 2, 'DBS 2090', NULL, NULL),
(67, NULL, 2, 'DBS 2080', NULL, NULL),
(68, NULL, 4, 'NFN 5445', NULL, NULL),
(69, NULL, 4, 'NFN 4646', NULL, NULL),
(70, NULL, 4, 'NFN 5225', NULL, NULL),
(71, NULL, 4, 'NFN 5355', NULL, NULL),
(72, NULL, 4, 'NFN 5335', NULL, NULL),
(73, NULL, 4, 'NFN 4777', NULL, NULL),
(74, NULL, 4, 'NFN 5255', NULL, NULL),
(75, NULL, 4, 'NGC 8795', NULL, NULL),
(76, NULL, 4, 'NGC 8796', NULL, NULL),
(77, NULL, 5, 'NFN 4567', NULL, NULL),
(78, NULL, 5, 'NFN 5455', NULL, NULL),
(79, NULL, 6, 'NHX 1173', NULL, NULL),
(80, NULL, 7, 'NGC 8817', NULL, NULL),
(81, NULL, 7, 'NGC 8827', NULL, NULL),
(82, NULL, 7, 'NGC 8825', NULL, NULL),
(83, NULL, 7, 'NGC 8826', NULL, NULL),
(84, NULL, 7, 'NGC 8797', NULL, NULL),
(85, NULL, 7, 'NGC 8805', NULL, NULL),
(86, NULL, 7, 'NGC 8806', NULL, NULL),
(87, NULL, 7, 'NGC 8807', NULL, NULL),
(88, NULL, 7, 'NGC 8815', NULL, NULL),
(89, NULL, 7, 'NGC 8816', NULL, NULL);

-- --------------------------------------------------------

--
-- Table structure for table `type`
--

CREATE TABLE `type` (
  `w_id` int(11) NOT NULL,
  `wheel_type` varchar(100) NOT NULL
) ENGINE=InnoDB DEFAULT CHARSET=utf8mb4 COLLATE=utf8mb4_general_ci;

--
-- Dumping data for table `type`
--

INSERT INTO `type` (`w_id`, `wheel_type`) VALUES
(1, '10W HINO'),
(2, '10W FUSO'),
(3, '10W FUSO AC'),
(4, '6W FUSO'),
(5, '6W ACU'),
(6, '6W EV FOTON'),
(7, '4W FUSO');

--
-- Indexes for dumped tables
--

--
-- Indexes for table `admin`
--
ALTER TABLE `admin`
  ADD PRIMARY KEY (`ad_id`),
  ADD UNIQUE KEY `email` (`email`);

--
-- Indexes for table `alert`
--
ALTER TABLE `alert`
  ADD PRIMARY KEY (`alert_id`);

--
-- Indexes for table `change_oil`
--
ALTER TABLE `change_oil`
  ADD PRIMARY KEY (`oil_id`),
  ADD KEY `trck_id` (`trck_id`);

--
-- Indexes for table `driver`
--
ALTER TABLE `driver`
  ADD PRIMARY KEY (`drvr_id`);

--
-- Indexes for table `odometer`
--
ALTER TABLE `odometer`
  ADD PRIMARY KEY (`odo_id`),
  ADD UNIQUE KEY `alert_id` (`alert_id`),
  ADD KEY `trck_id` (`trck_id`);

--
-- Indexes for table `truck`
--
ALTER TABLE `truck`
  ADD PRIMARY KEY (`trck_id`),
  ADD UNIQUE KEY `trck_plate` (`trck_plate`),
  ADD UNIQUE KEY `drvr_id` (`drvr_id`);

--
-- Indexes for table `type`
--
ALTER TABLE `type`
  ADD PRIMARY KEY (`w_id`);

--
-- AUTO_INCREMENT for dumped tables
--

--
-- AUTO_INCREMENT for table `admin`
--
ALTER TABLE `admin`
  MODIFY `ad_id` int(11) NOT NULL AUTO_INCREMENT, AUTO_INCREMENT=6;

--
-- AUTO_INCREMENT for table `alert`
--
ALTER TABLE `alert`
  MODIFY `alert_id` int(11) NOT NULL AUTO_INCREMENT, AUTO_INCREMENT=5;

--
-- AUTO_INCREMENT for table `change_oil`
--
ALTER TABLE `change_oil`
  MODIFY `oil_id` int(11) NOT NULL AUTO_INCREMENT, AUTO_INCREMENT=4718;

--
-- AUTO_INCREMENT for table `driver`
--
ALTER TABLE `driver`
  MODIFY `drvr_id` int(11) NOT NULL AUTO_INCREMENT;

--
-- AUTO_INCREMENT for table `odometer`
--
ALTER TABLE `odometer`
  MODIFY `odo_id` int(11) NOT NULL AUTO_INCREMENT, AUTO_INCREMENT=391;

--
-- AUTO_INCREMENT for table `truck`
--
ALTER TABLE `truck`
  MODIFY `trck_id` int(11) NOT NULL AUTO_INCREMENT, AUTO_INCREMENT=15863;

--
-- AUTO_INCREMENT for table `type`
--
ALTER TABLE `type`
  MODIFY `w_id` int(11) NOT NULL AUTO_INCREMENT, AUTO_INCREMENT=10;

--
-- Constraints for dumped tables
--

--
-- Constraints for table `odometer`
--
ALTER TABLE `odometer`
  ADD CONSTRAINT `odometer_ibfk_1` FOREIGN KEY (`trck_id`) REFERENCES `truck` (`trck_id`);
COMMIT;

/*!40101 SET CHARACTER_SET_CLIENT=@OLD_CHARACTER_SET_CLIENT */;
/*!40101 SET CHARACTER_SET_RESULTS=@OLD_CHARACTER_SET_RESULTS */;
/*!40101 SET COLLATION_CONNECTION=@OLD_COLLATION_CONNECTION */;
